Cust_Id,Age,Gender,OwnHome,Married,Location,Salary,Children,History,Catalogs,AmountSpent
247,Old,Female,Own,Single,Far,47500,0,High,6,755
127,Middle,Male,Rent,Single,Close,63600,0,High,6,1318
479,Young,Female,Rent,Single,Close,13500,0,Low,18,296
475,Middle,Male,Own,Married,Close,85600,1,High,18,2436
151,Middle,Female,Own,Single,Close,68400,0,High,12,1304
320,Young,Male,Own,Married,Close,30400,0,Low,6,495
804,Middle,Female,Rent,Single,Close,48100,0,Medium,12,782
790,Middle,Male,Own,Single,Close,68400,0,High,18,1155
43,Middle,Female,Own,Married,Close,51900,3,Low,6,158
475,Old,Male,Own,Married,Far,80700,0,NA,18,3034
157,Young,Male,Rent,Married,Close,43700,1,NA,12,927
1239,Middle,Male,Own,Married,Far,111800,3,High,18,2065
562,Middle,Female,Own,Married,Close,44100,1,Medium,24,704
1259,Middle,Male,Own,Married,Close,111400,0,High,12,2136
477,Old,Female,Own,Married,Far,110000,0,High,24,5564
808,Middle,Female,Own,Married,Far,83100,1,NA,12,2766
160,Old,Female,Own,Married,Close,82800,0,High,24,3010
78,Middle,Male,Own,Married,Close,90100,0,High,18,1956
666,Middle,Male,Rent,Single,Close,38600,1,Low,18,542
1250,Old,Female,Rent,Single,Far,14000,0,Low,12,410
1154,Young,Female,Rent,Single,Far,14300,2,Low,6,194
683,Young,Male,Rent,Married,Close,49800,0,Medium,12,827
1221,Old,Female,Rent,Married,Far,60200,0,High,18,2328
949,Young,Male,Rent,Married,Far,43500,1,Medium,12,808
661,Young,Female,Rent,Married,Close,41700,1,NA,6,521
1136,Middle,Female,Own,Married,Close,92300,3,Low,18,655
973,Middle,Male,Own,Single,Close,62800,3,NA,6,707
1240,Middle,Female,Rent,Married,Far,72900,0,High,18,2075
1128,Middle,Female,Rent,Married,Close,66900,2,Medium,12,769
602,Young,Male,Rent,Single,Close,21700,1,NA,18,774
232,Old,Female,Rent,Married,Close,39700,0,Medium,12,573
1013,Middle,Male,Rent,Married,Far,72200,1,High,12,2082
266,Middle,Female,Rent,Married,Close,87700,3,NA,24,2446
921,Middle,Male,Own,Married,Close,104100,0,High,24,2636
331,Middle,Male,Rent,Single,Far,67700,0,High,12,2226
240,Middle,Female,Own,Single,Close,27000,2,Low,6,183
498,Middle,Female,Own,Single,Far,64100,2,High,24,1595
745,Middle,Male,Rent,Single,Close,47000,1,Medium,12,584
444,Old,Female,Own,Married,Close,41600,0,NA,18,982
795,Old,Female,Rent,Single,Close,20100,0,Low,24,576
175,Middle,Male,Own,Single,Close,64000,3,Low,12,410
718,Middle,Female,Own,Married,Far,96800,3,NA,24,3082
586,Middle,Male,Rent,Married,Close,76200,1,NA,24,2437
1010,Old,Female,Rent,Married,Far,81500,0,High,18,3655
599,Middle,Female,Own,Single,Close,49600,1,Medium,12,844
527,Old,Female,Own,Married,Close,111500,0,High,18,2510
1168,Middle,Male,Own,Married,Close,77700,0,NA,6,983
949,Young,Male,Own,Married,Close,58900,0,NA,18,1215
220,Middle,Male,Own,Married,Close,126500,2,High,18,2000
857,Middle,Female,Own,Married,Close,83300,1,High,24,2574
269,Middle,Female,Own,Married,Close,90500,1,High,6,1116
1095,Middle,Female,Own,Married,Far,87200,0,High,18,3604
230,Middle,Female,Own,Married,Close,105300,1,NA,24,3360
903,Middle,Female,Own,Single,Far,56000,3,Medium,6,530
60,Middle,Female,Rent,Single,Close,46600,0,Medium,24,906
1086,Old,Male,Rent,Married,Close,69800,0,High,24,2764
1082,Middle,Male,Own,Single,Close,60300,0,High,24,1263
962,Young,Male,Rent,Married,Close,67800,0,High,12,1084
979,Middle,Male,Rent,Single,Close,42300,0,Medium,24,1051
1286,Young,Female,Own,Married,Far,33700,0,NA,6,614
391,Middle,Male,Own,Single,Close,62700,2,Medium,12,704
795,Young,Female,Own,Single,Close,25900,2,NA,12,449
209,Young,Female,Own,Single,Close,15600,1,Low,6,136
228,Old,Female,Own,Single,Close,14600,0,Low,24,468
1057,Old,Female,Own,Married,Close,62600,0,High,6,565
555,Young,Male,Rent,Married,Close,66700,0,NA,18,1310
40,Middle,Male,Own,Married,Far,72500,0,NA,24,2595
517,Young,Female,Rent,Single,Far,13200,0,NA,24,358
874,Middle,Female,Own,Single,Close,51300,0,Medium,24,1424
689,Middle,Male,Own,Single,Far,72300,0,High,24,4182
590,Young,Female,Rent,Single,Close,15600,0,NA,12,468
253,Middle,Female,Own,Married,Far,90400,1,High,18,2924
255,Middle,Male,Own,Single,Far,71500,0,NA,6,964
419,Young,Male,Rent,Single,Close,14400,0,NA,24,615
593,Young,Male,Rent,Single,Close,15000,3,Low,6,38
927,Middle,Male,Own,Single,Close,57600,1,NA,6,1006
1150,Young,Female,Rent,Married,Close,60600,3,Low,12,307
1012,Middle,Male,Own,Married,Far,84300,2,High,18,1648
991,Young,Female,Own,Single,Close,24400,1,Low,6,220
806,Young,Female,Rent,Single,Close,22100,2,Low,18,280
831,Middle,Male,Rent,Married,Far,48800,2,NA,12,1647
353,Middle,Female,Own,Married,Close,74700,1,Medium,6,704
1189,Young,Female,Rent,Single,Far,32400,1,Medium,24,920
833,Old,Female,Own,Single,Close,11400,0,NA,6,258
231,Middle,Male,Own,Married,Close,127000,0,NA,12,1821
676,Middle,Male,Rent,Single,Close,47200,0,Medium,18,1587
174,Middle,Female,Own,Single,Close,48700,2,Low,12,528
12,Young,Male,Rent,Single,Far,20400,0,Medium,18,867
1064,Middle,Male,Rent,Single,Close,39000,0,NA,6,643
120,Young,Female,Rent,Single,Close,12900,1,Low,6,107
70,Middle,Female,Rent,Married,Far,67300,1,High,18,1513
170,Old,Male,Own,Married,Close,134500,0,High,24,4558
552,Old,Male,Own,Married,Close,75500,0,High,6,741
581,Old,Female,Own,Married,Far,33600,2,Medium,12,805
499,Young,Female,Rent,Single,Close,16300,1,NA,12,470
370,Young,Male,Rent,Married,Close,27400,1,Low,6,278
885,Middle,Female,Own,Married,Close,110400,3,Low,24,1093
250,Young,Female,Rent,Single,Far,21100,1,Low,6,470
642,Middle,Male,Own,Married,Close,81200,0,High,24,1856
1072,Middle,Male,Rent,Married,Far,87100,2,High,18,1688
233,Young,Female,Rent,Single,Far,21700,3,NA,24,708
144,Middle,Female,Rent,Single,Close,42200,0,NA,18,1753
1157,Middle,Male,Rent,Single,Far,59000,0,High,24,3044
529,Middle,Female,Own,Single,Close,52700,2,Low,18,855
825,Young,Male,Own,Single,Close,20900,0,Low,24,550
541,Middle,Male,Own,Married,Far,90700,3,High,24,2265
531,Old,Female,Own,Married,Far,91800,0,NA,24,2452
71,Young,Female,Own,Single,Far,27900,0,Medium,18,1184
1014,Old,Female,Own,Married,Close,70700,0,High,24,2150
625,Middle,Male,Own,Married,Close,79600,2,NA,6,1575
1158,Middle,Male,Rent,Married,Close,96400,1,High,24,1822
843,Middle,Female,Own,Single,Close,46600,2,NA,18,1153
1278,Old,Male,Own,Married,Close,106600,0,High,12,1877
737,Middle,Female,Rent,Married,Close,104900,3,Low,6,450
74,Old,Male,Rent,Single,Close,56300,0,Medium,6,873
51,Young,Female,Rent,Single,Close,14800,1,Low,6,209
519,Old,Male,Own,Married,Close,58300,0,Medium,24,1472
1092,Middle,Male,Own,Single,Far,70200,0,High,12,1702
797,Old,Male,Own,Married,Far,59700,0,High,18,1857
1272,Young,Male,Rent,Single,Close,25800,0,NA,6,451
600,Young,Female,Rent,Single,Close,12000,0,Low,24,344
1245,Middle,Male,Rent,Single,Far,51900,0,High,18,1492
775,Middle,Female,Own,Single,Far,66800,3,NA,24,2098
684,Middle,Male,Own,Married,Close,105300,1,NA,18,3505
879,Young,Female,Rent,Single,Far,13800,3,Low,6,127
338,Young,Male,Rent,Single,Close,14800,3,NA,12,436
554,Middle,Female,Own,Married,Far,44200,0,High,24,2524
347,Young,Male,Rent,Single,Close,10400,0,NA,18,189
509,Middle,Female,Own,Single,Close,35200,0,Medium,12,607
657,Young,Female,Rent,Single,Far,16100,0,NA,6,202
211,Middle,Male,Own,Married,Close,113000,2,Medium,18,1554
1012,Middle,Male,Own,Married,Close,63300,2,NA,6,633
508,Young,Male,Rent,Single,Close,19100,0,NA,6,176
488,Middle,Female,Own,Married,Close,93400,2,NA,24,3079
696,Old,Female,Rent,Married,Far,52500,0,High,24,2038
662,Middle,Female,Rent,Married,Far,45400,3,Medium,24,1203
624,Young,Female,Own,Single,Far,21400,3,NA,6,326
414,Middle,Female,Own,Single,Close,53700,3,Low,12,235
404,Young,Female,Own,Married,Far,68000,0,High,24,3688
1034,Young,Male,Rent,Single,Close,17400,0,NA,12,332
680,Young,Female,Rent,Single,Close,14600,1,Low,6,143
122,Old,Female,Own,Married,Far,100100,0,High,12,3104
1269,Middle,Male,Own,Married,Far,103700,1,High,24,2339
712,Young,Female,Rent,Single,Far,10800,3,Low,6,123
991,Middle,Female,Own,Married,Close,81700,3,Low,24,879
1034,Old,Female,Rent,Single,Close,21400,0,Low,18,498
176,Old,Female,Own,Married,Close,114800,0,High,18,3596
1095,Old,Female,Own,Married,Far,67900,0,High,24,2925
771,Middle,Male,Own,Married,Close,53700,1,NA,12,1081
930,Young,Female,Rent,Single,Far,11400,3,NA,12,312
1265,Young,Male,Rent,Married,Close,34300,3,NA,12,1297
308,Young,Female,Rent,Single,Close,16400,1,Low,12,218
1024,Middle,Female,Own,Married,Far,109800,0,High,18,4279
705,Middle,Male,Own,Single,Close,64200,0,High,18,1642
1230,Young,Male,Rent,Single,Close,17000,0,NA,18,581
294,Middle,Female,Rent,Single,Close,41400,3,Low,6,223
1118,Middle,Female,Own,Single,Close,49100,2,Low,6,474
1042,Old,Female,Own,Single,Far,42600,0,High,24,1790
848,Young,Female,Rent,Single,Close,11900,1,Low,6,143
139,Middle,Male,Own,Married,Far,113600,2,High,18,3237
89,Middle,Male,Own,Single,Close,52900,1,NA,24,2316
648,Young,Female,Rent,Single,Close,14300,1,NA,18,458
1185,Young,Male,Rent,Single,Close,21000,0,Low,24,646
484,Middle,Male,Own,Single,Far,59600,2,Medium,18,1217
623,Middle,Female,Rent,Single,Close,39700,3,Low,12,238
231,Old,Male,Own,Married,Close,51200,0,Medium,12,1293
89,Middle,Female,Own,Married,Close,88200,0,NA,24,2749
869,Middle,Male,Own,Married,Far,122100,0,High,12,2408
15,Old,Female,Rent,Married,Close,84800,0,High,18,2624
865,Middle,Male,Own,Married,Far,140000,0,High,12,4894
521,Old,Female,Own,Single,Close,28500,0,Low,24,621
1101,Middle,Male,Rent,Single,Close,60300,0,High,6,701
897,Young,Female,Rent,Married,Far,51900,0,NA,6,780
1052,Middle,Male,Own,Single,Close,60200,0,Medium,12,1365
778,Middle,Male,Own,Married,Far,81200,0,High,12,2693
246,Old,Male,Own,Married,Close,73100,0,High,6,1582
1035,Old,Male,Own,Single,Close,45700,0,Medium,18,724
1058,Old,Female,Rent,Single,Close,28900,0,Low,12,830
1116,Young,Female,Rent,Married,Close,60100,0,NA,18,1594
931,Middle,Female,Own,Married,Close,84800,1,NA,12,1826
1287,Old,Female,Own,Married,Close,35000,0,Medium,6,473
220,Young,Female,Rent,Married,Close,61700,0,NA,12,1161
710,Old,Female,Rent,Married,Close,46900,0,Medium,6,703
379,Middle,Female,Own,Married,Close,123600,1,NA,12,1892
520,Young,Male,Rent,Married,Close,45800,0,Medium,6,489
325,Middle,Male,Own,Married,Far,77800,1,High,18,1813
959,Middle,Female,Own,Single,Close,48700,1,NA,12,1457
69,Middle,Female,Rent,Single,Far,39000,3,Low,6,292
273,Young,Female,Rent,Married,Close,40000,0,NA,6,613
165,Middle,Female,Rent,Married,Close,118300,1,NA,18,2681
472,Young,Female,Own,Single,Close,27100,2,Low,24,437
213,Middle,Female,Rent,Married,Close,91000,2,Medium,6,708
1033,Middle,Female,Own,Married,Close,35300,0,Medium,24,1093
135,Young,Female,Rent,Single,Far,10200,2,Low,18,213
371,Young,Female,Rent,Single,Close,12500,1,Low,6,202
1205,Old,Female,Own,Single,Close,64600,0,NA,6,1298
844,Middle,Male,Own,Married,Far,113800,0,NA,12,3273
92,Middle,Male,Own,Married,Far,113400,3,High,18,1790
439,Young,Female,Rent,Single,Close,16900,1,Low,6,247
975,Young,Female,Rent,Single,Close,13600,1,Low,6,183
162,Middle,Male,Own,Married,Far,100100,1,High,24,3491
1260,Old,Female,Own,Married,Far,80000,0,High,6,1985
912,Middle,Male,Own,Married,Close,83900,0,High,24,1721
824,Middle,Male,Own,Married,Close,77000,0,High,12,2104
355,Middle,Female,Rent,Married,Close,72900,3,Low,6,252
232,Young,Male,Rent,Married,Close,80700,3,Low,6,202
439,Young,Female,Rent,Married,Close,40900,1,Medium,18,962
636,Young,Female,Rent,Single,Close,26700,1,NA,12,459
774,Middle,Male,Own,Married,Close,54700,0,Medium,18,848
1221,Old,Female,Rent,Married,Close,23600,1,Low,6,161
146,Middle,Male,Rent,Single,Far,56900,0,High,24,1857
806,Middle,Male,Own,Single,Far,68700,1,NA,24,1699
254,Young,Female,Rent,Single,Close,19300,1,Low,24,308
599,Young,Male,Rent,Married,Far,20200,1,Low,24,500
1119,Middle,Female,Rent,Married,Far,61500,3,Medium,24,1162
822,Middle,Female,Own,Married,Far,101700,1,NA,24,2551
1227,Middle,Female,Rent,Married,Far,120800,1,High,24,5830
65,Young,Female,Rent,Single,Far,17300,1,Low,18,381
833,Young,Female,Rent,Married,Close,42300,0,NA,6,856
516,Middle,Male,Rent,Single,Close,53300,0,Medium,18,1720
416,Middle,Female,Rent,Single,Close,42800,0,Medium,12,759
288,Middle,Male,Own,Married,Close,98400,0,High,18,3305
1018,Middle,Female,Own,Single,Close,51200,0,Medium,18,1257
779,Old,Male,Own,Single,Close,62200,0,NA,12,1583
303,Middle,Male,Own,Married,Close,109200,3,Low,24,1102
1054,Young,Female,Rent,Single,Close,11400,2,NA,6,186
246,Young,Female,Rent,Single,Close,14000,0,Low,12,229
1131,Old,Female,Rent,Married,Close,97000,0,NA,24,2599
1221,Young,Female,Own,Single,Far,29600,3,NA,12,774
945,Old,Male,Own,Married,Close,71200,1,Medium,12,638
287,Old,Female,Rent,Single,Far,15000,0,Low,12,378
280,Middle,Male,Rent,Married,Far,64000,1,NA,6,1552
16,Old,Male,Own,Married,Far,33000,0,Medium,12,979
704,Old,Female,Own,Married,Close,74400,0,High,18,2479
787,Young,Male,Rent,Single,Far,20300,2,Low,24,450
555,Middle,Male,Rent,Married,Close,68700,0,High,24,2763
205,Young,Male,Rent,Married,Far,53600,3,Medium,24,1560
496,Old,Female,Own,Single,Close,33200,0,Medium,24,1037
170,Young,Female,Own,Married,Far,70900,0,NA,6,690
1124,Young,Female,Rent,Single,Close,23200,3,NA,24,770
489,Young,Male,Own,Single,Close,41400,0,Medium,18,643
1083,Young,Female,Rent,Married,Close,63200,0,High,24,1512
370,Old,Male,Own,Married,Close,107400,0,High,12,1485
456,Young,Male,Rent,Single,Far,13900,0,NA,24,570
852,Middle,Female,Rent,Married,Close,79900,1,Medium,18,1165
1086,Middle,Male,Own,Married,Far,120000,3,High,18,1926
571,Old,Male,Rent,Married,Far,66300,0,NA,18,2243
695,Middle,Female,Own,Single,Close,54400,3,Low,18,342
502,Middle,Male,Own,Married,Close,84200,0,High,24,1654
479,Young,Female,Rent,Married,Close,13800,0,Low,18,363
537,Young,Female,Rent,Single,Far,14500,1,Low,6,222
977,Young,Male,Rent,Single,Close,21300,0,Low,24,677
854,Old,Male,Rent,Single,Close,29000,0,Low,6,482
957,Old,Female,Rent,Single,Close,14600,1,Low,24,385
808,Old,Male,Own,Single,Close,65300,0,High,18,1443
708,Middle,Female,Own,Married,Close,100800,1,High,24,1789
110,Young,Female,Rent,Single,Far,19800,1,Low,24,991
852,Middle,Male,Own,Single,Close,56700,2,Low,18,536
932,Old,Male,Rent,Married,Close,90200,0,High,18,2183
94,Young,Male,Rent,Single,Close,26100,1,NA,6,494
93,Young,Female,Rent,Single,Close,15900,0,Low,18,503
576,Young,Female,Rent,Single,Close,12700,3,Low,12,87
328,Middle,Male,Rent,Single,Close,43200,0,NA,24,917
571,Middle,Female,Rent,Married,Close,114100,1,NA,24,1976
769,Middle,Male,Own,Married,Close,96100,3,Low,12,316
1003,Middle,Male,Own,Married,Close,97200,0,NA,12,1634
1052,Middle,Male,Own,Married,Far,82400,2,High,24,2035
1297,Old,Male,Own,Single,Far,62000,0,High,24,3293
598,Young,Female,Rent,Single,Close,13400,1,Low,12,143
605,Middle,Male,Own,Married,Close,108200,3,Low,12,635
872,Young,Female,Own,Married,Close,76200,0,High,12,979
370,Middle,Male,Rent,Married,Close,81800,1,High,18,1838
19,Young,Female,Rent,Single,Far,12000,0,Low,6,264
262,Middle,Male,Own,Married,Close,76100,0,NA,6,719
234,Middle,Male,Own,Married,Close,82100,1,High,18,1308
353,Old,Female,Own,Married,Close,103300,0,High,24,3378
374,Young,Male,Rent,Single,Close,14200,1,NA,24,400
958,Middle,Female,Own,Single,Far,47500,0,High,6,847
1149,Young,Female,Rent,Single,Close,31300,1,Low,6,357
633,Young,Female,Rent,Married,Far,32700,1,NA,18,1276
477,Middle,Male,Own,Married,Close,72200,0,High,24,2492
607,Middle,Female,Own,Married,Close,107600,2,Medium,12,1512
1170,Middle,Male,Own,Married,Close,109900,2,Medium,12,870
579,Middle,Female,Own,Married,Close,65400,2,Medium,24,938
55,Old,Female,Own,Single,Close,43300,0,NA,12,1584
154,Old,Female,Own,Single,Close,51900,0,Medium,12,1148
569,Middle,Female,Own,Married,Far,80600,0,High,24,2840
452,Middle,Female,Rent,Single,Close,42700,0,Medium,12,827
1033,Young,Male,Rent,Single,Far,19000,0,NA,12,428
139,Young,Female,Rent,Single,Close,14500,1,Low,6,183
619,Middle,Female,Own,Married,Close,68200,1,NA,6,818
1053,Young,Male,Rent,Married,Close,36700,0,Medium,12,731
103,Old,Male,Own,Married,Far,54600,0,High,24,2163
1168,Middle,Male,Own,Married,Close,65900,1,Medium,12,1081
1138,Young,Male,Own,Single,Far,39600,0,NA,12,1085
540,Young,Male,Rent,Married,Far,67300,3,NA,6,1212
546,Middle,Male,Own,Single,Close,59700,1,NA,18,1422
200,Middle,Female,Own,Married,Far,102800,2,High,18,2238
448,Middle,Female,Rent,Single,Close,34700,0,NA,18,1615
823,Middle,Male,Own,Single,Close,50600,3,NA,6,713
273,Middle,Male,Rent,Married,Close,106700,2,Medium,6,607
1096,Middle,Male,Rent,Single,Close,53900,1,Medium,6,735
480,Young,Female,Rent,Married,Close,25500,2,Low,6,139
501,Young,Male,Rent,Married,Far,46300,1,Medium,18,1357
42,Old,Male,Own,Married,Close,55500,0,Medium,18,858
76,Young,Female,Own,Single,Close,27800,3,NA,12,408
1069,Middle,Male,Own,Married,Close,118600,1,NA,12,1553
94,Middle,Female,Own,Married,Close,130700,3,NA,6,2070
110,Old,Male,Rent,Single,Close,42800,0,Medium,12,922
393,Middle,Female,Own,Married,Far,118300,1,High,12,2502
855,Young,Female,Rent,Single,Far,25600,2,NA,18,426
75,Middle,Male,Rent,Married,Close,63500,2,NA,24,2321
1106,Old,Female,Own,Single,Close,30900,0,Medium,18,862
231,Middle,Male,Own,Single,Close,55900,1,NA,24,2555
301,Middle,Male,Own,Single,Far,53900,0,NA,12,1186
815,Old,Male,Own,Married,Close,84300,0,High,24,2842
549,Old,Male,Own,Single,Close,53400,1,Medium,12,886
1240,Middle,Male,Own,Married,Close,96900,1,High,12,1420
255,Middle,Male,Rent,Single,Far,55800,1,NA,6,821
591,Young,Female,Rent,Married,Close,25900,1,Low,6,242
400,Young,Female,Rent,Single,Close,22000,1,Low,12,472
276,Middle,Female,Rent,Married,Close,96700,2,Medium,12,1231
1057,Middle,Female,Rent,Single,Close,40200,1,NA,12,881
454,Old,Male,Own,Married,Close,26800,0,Low,12,435
759,Young,Female,Rent,Single,Close,16700,2,Low,12,108
991,Young,Female,Rent,Married,Close,40900,2,Low,18,576
1047,Young,Male,Rent,Married,Far,41500,3,NA,24,1314
459,Young,Male,Rent,Single,Close,20900,0,NA,6,296
1190,Young,Female,Rent,Married,Close,69700,2,Medium,6,584
1096,Middle,Male,Rent,Single,Close,61800,0,High,24,1156
250,Middle,Male,Own,Married,Close,102500,1,High,24,2464
1199,Middle,Female,Own,Married,Close,48900,3,NA,18,915
896,Middle,Male,Own,Single,Close,60300,0,NA,24,2091
801,Young,Male,Rent,Married,Far,41600,0,High,24,1690
357,Middle,Male,Own,Single,Close,73700,1,Medium,12,1274
898,Young,Female,Rent,Single,Close,27000,1,NA,24,1012
990,Middle,Female,Rent,Single,Close,43700,0,Medium,12,950
151,Young,Male,Rent,Single,Close,10200,2,NA,12,333
518,Middle,Female,Own,Married,Close,63300,2,Medium,24,679
392,Young,Female,Own,Single,Far,33200,2,Medium,12,607
376,Old,Female,Own,Married,Far,78800,0,High,18,3398
588,Middle,Male,Own,Married,Close,82500,0,High,6,859
643,Middle,Male,Own,Single,Far,80800,2,High,18,2444
452,Middle,Male,Own,Married,Close,88100,2,Medium,24,1078
1077,Middle,Male,Rent,Married,Far,124800,3,High,18,2537
1093,Young,Male,Own,Single,Close,31900,0,Medium,6,616
863,Middle,Female,Own,Single,Close,53300,3,NA,6,508
1290,Old,Male,Own,Married,Far,15400,0,Low,6,297
579,Middle,Male,Own,Married,Close,70200,0,NA,6,1583
810,Young,Female,Rent,Single,Close,23000,3,Low,6,79
600,Middle,Female,Own,Married,Close,82400,2,Medium,18,657
1275,Middle,Female,Own,Married,Close,97900,0,High,24,2149
1162,Old,Female,Rent,Married,Far,88400,0,High,18,3632
315,Middle,Female,Own,Married,Close,86900,0,High,18,2230
1096,Middle,Female,Own,Single,Close,45100,1,Medium,12,448
392,Middle,Male,Rent,Single,Close,41800,3,Low,24,301
1073,Old,Male,Own,Married,Close,74800,0,High,18,1968
16,Middle,Female,Rent,Married,Close,73000,1,Medium,6,490
829,Middle,Male,Own,Married,Close,118500,1,High,24,3063
1176,Middle,Male,Own,Single,Close,65300,3,Low,6,193
134,Middle,Female,Rent,Married,Close,66300,2,Medium,12,544
175,Middle,Male,Own,Married,Far,103900,1,High,24,2666
1271,Middle,Female,Own,Married,Close,71900,0,High,18,1846
137,Middle,Male,Own,Married,Far,86100,1,NA,12,1255
38,Middle,Male,Own,Married,Close,96300,1,High,12,1081
366,Young,Female,Rent,Single,Close,10200,3,NA,6,199
1148,Middle,Male,Own,Married,Close,96300,2,NA,18,3916
309,Old,Female,Own,Single,Far,24000,1,Low,6,357
147,Middle,Female,Rent,Married,Close,46700,0,Medium,24,983
844,Middle,Female,Rent,Single,Close,53700,2,NA,12,1194
1052,Middle,Male,Rent,Married,Close,108300,2,NA,12,2224
287,Young,Female,Rent,Single,Close,12100,1,Low,6,90
743,Young,Male,Rent,Married,Close,36600,0,NA,6,587
601,Old,Male,Own,Married,Close,66300,0,High,12,1088
370,Young,Female,Own,Single,Close,33400,1,NA,6,617
1193,Middle,Male,Own,Married,Far,70000,1,NA,6,1227
579,Middle,Female,Own,Single,Close,47900,1,Medium,24,662
731,Middle,Female,Rent,Married,Close,40500,2,Low,18,622
1236,Old,Male,Own,Single,Close,69100,0,High,12,1477
453,Young,Female,Rent,Single,Close,13300,1,NA,6,236
346,Middle,Female,Rent,Married,Far,75800,1,High,12,1830
279,Middle,Female,Rent,Married,Close,48600,0,Medium,24,1583
86,Old,Female,Own,Single,Close,39600,0,Medium,12,610
374,Young,Female,Rent,Single,Close,11700,0,Low,12,193
315,Young,Male,Rent,Married,Close,52600,1,Medium,12,1052
205,Young,Male,Rent,Single,Close,14600,3,NA,6,307
584,Old,Male,Own,Married,Close,123000,0,High,24,3671
820,Old,Female,Rent,Married,Far,64600,0,High,18,2206
188,Middle,Female,Own,Single,Far,34600,2,Medium,18,748
1132,Middle,Male,Own,Married,Close,74500,0,High,6,1481
489,Old,Male,Own,Married,Close,56600,0,NA,24,1607
920,Old,Female,Rent,Single,Close,37000,1,NA,6,632
1297,Young,Female,Rent,Single,Far,18400,1,Low,6,303
1107,Young,Male,Rent,Single,Close,25000,0,Low,6,264
618,Middle,Male,Own,Married,Far,61400,1,High,24,1575
270,Middle,Male,Own,Married,Close,76400,2,Medium,18,881
1027,Young,Male,Own,Married,Close,55100,0,Medium,18,1439
583,Old,Female,Own,Married,Far,22800,0,NA,12,452
642,Old,Female,Own,Married,Close,10100,1,Low,6,93
1043,Young,Male,Rent,Single,Close,17800,0,Low,18,292
821,Middle,Female,Own,Married,Close,59100,1,NA,6,1426
401,Young,Female,Rent,Single,Far,19700,2,Low,6,330
979,Middle,Male,Own,Married,Far,73800,0,High,24,3120
207,Middle,Male,Own,Married,Far,113300,1,High,18,5151
728,Middle,Male,Own,Married,Far,118400,2,NA,12,3941
128,Middle,Male,Own,Married,Close,92300,1,NA,24,2141
1001,Young,Male,Rent,Single,Close,11200,0,NA,6,106
321,Young,Female,Rent,Married,Far,30100,0,Medium,12,530
679,Middle,Female,Own,Single,Close,43500,1,Medium,12,500
1061,Middle,Male,Own,Married,Close,97500,0,High,18,2837
983,Old,Male,Own,Married,Close,54600,0,Medium,24,1246
423,Middle,Male,Rent,Single,Far,42500,1,NA,6,798
199,Middle,Male,Own,Single,Close,82800,0,NA,6,1544
1000,Old,Male,Own,Married,Far,62300,0,High,24,2644
727,Young,Male,Rent,Single,Far,21900,2,NA,6,192
880,Middle,Female,Rent,Single,Far,35600,3,Low,18,865
694,Middle,Male,Own,Married,Close,96900,0,High,6,1159
175,Young,Female,Rent,Married,Close,36900,1,NA,18,1480
1212,Middle,Female,Rent,Married,Close,93500,1,High,18,1426
808,Middle,Male,Own,Married,Close,97300,1,NA,12,3048
671,Young,Male,Rent,Single,Close,21900,0,Low,12,276
1056,Middle,Male,Rent,Single,Close,63000,0,High,24,1910
733,Young,Female,Rent,Single,Close,11500,3,NA,6,157
211,Middle,Male,Own,Single,Close,44600,2,Low,6,236
316,Young,Female,Rent,Single,Close,21900,1,NA,12,576
603,Middle,Male,Rent,Single,Far,45100,1,Medium,12,794
827,Old,Female,Own,Married,Close,74900,0,High,12,1474
620,Young,Male,Rent,Single,Close,14200,0,Low,6,250
1204,Young,Female,Rent,Single,Far,23200,2,NA,24,788
341,Old,Male,Own,Married,Close,73300,0,NA,12,1694
1121,Old,Male,Own,Married,Far,41300,0,High,24,1985
1134,Old,Female,Own,Single,Far,32700,0,Medium,24,1252
971,Old,Female,Own,Single,Close,35200,0,NA,12,827
1146,Young,Female,Rent,Single,Close,13100,0,NA,18,314
471,Middle,Male,Own,Married,Close,97400,1,High,6,880
522,Young,Female,Rent,Single,Far,23100,2,Low,6,466
482,Middle,Male,Own,Single,Close,49200,3,Low,12,210
740,Middle,Male,Own,Single,Far,45000,1,NA,18,902
130,Middle,Male,Own,Married,Close,87200,0,High,18,1274
683,Middle,Male,Own,Single,Close,49900,1,NA,24,1631
399,Middle,Male,Own,Married,Close,66900,0,High,12,1220
173,Middle,Female,Own,Single,Close,47600,1,Medium,12,801
317,Middle,Female,Own,Single,Close,47900,0,NA,12,1090
71,Middle,Male,Own,Single,Close,59400,0,Medium,18,1699
841,Middle,Female,Rent,Single,Close,32700,2,Low,6,273
174,Middle,Male,Rent,Single,Close,34200,1,Low,18,523
21,Middle,Male,Own,Married,Close,96600,0,NA,12,1437
570,Middle,Female,Own,Married,Close,126300,1,High,6,1888
861,Young,Male,Rent,Single,Close,31600,1,NA,12,476
29,Middle,Female,Own,Married,Far,108100,3,High,18,2632
424,Middle,Female,Rent,Single,Close,43300,3,Low,24,326
638,Old,Female,Rent,Single,Far,17900,0,Low,6,446
312,Middle,Male,Own,Single,Far,50100,1,High,18,1071
763,Old,Female,Own,Married,Close,74700,0,High,12,1699
807,Old,Male,Rent,Married,Close,60000,0,Medium,6,966
311,Young,Male,Own,Single,Close,33400,0,NA,12,567
470,Middle,Female,Rent,Married,Close,68800,0,NA,6,1658
131,Middle,Female,Rent,Single,Close,25700,2,Low,6,173
481,Middle,Male,Own,Married,Close,83700,0,High,24,3344
396,Middle,Male,Rent,Single,Close,50500,0,Medium,12,1029
1080,Young,Female,Rent,Single,Close,17300,0,Low,12,345
240,Middle,Male,Own,Single,Close,45800,0,NA,6,712
331,Old,Male,Own,Married,Close,108900,0,High,12,1841
45,Middle,Female,Rent,Married,Close,60500,2,Low,6,409
1216,Old,Female,Own,Married,Far,84100,0,High,18,2710
735,Young,Male,Rent,Married,Far,25100,0,Medium,12,592
77,Middle,Male,Own,Married,Close,69900,1,NA,18,2101
1206,Middle,Male,Own,Married,Close,97100,0,NA,12,1473
903,Middle,Female,Own,Married,Close,72200,2,Medium,18,715
612,Old,Female,Own,Married,Far,78900,0,High,18,2233
657,Middle,Female,Own,Single,Far,62500,3,NA,6,921
1199,Young,Female,Rent,Single,Close,17800,1,Low,6,216
1096,Middle,Female,Own,Married,Close,105500,1,High,6,1781
419,Middle,Female,Own,Single,Close,46100,2,Low,12,418
547,Young,Male,Rent,Single,Close,27100,1,Low,12,268
1281,Young,Male,Rent,Married,Far,60300,1,NA,6,1252
833,Young,Female,Rent,Single,Close,12000,0,Low,6,140
738,Middle,Female,Own,Single,Close,48400,0,Medium,12,992
944,Middle,Male,Rent,Single,Close,45600,0,Medium,18,1388
837,Middle,Female,Own,Single,Close,35200,2,Low,6,233
818,Middle,Male,Rent,Single,Far,60200,0,High,24,2304
160,Middle,Female,Rent,Married,Far,53900,1,High,18,2177
924,Middle,Male,Own,Married,Close,70400,2,NA,12,1127
828,Young,Male,Rent,Married,Close,36900,0,Medium,18,721
181,Old,Female,Own,Single,Close,36100,0,Medium,12,438
22,Young,Female,Rent,Single,Close,11000,2,NA,18,393
510,Middle,Male,Own,Single,Close,61600,0,NA,18,1666
755,Middle,Male,Own,Married,Close,88700,1,NA,18,2448
1243,Middle,Female,Own,Married,Far,88600,1,High,18,2563
219,Middle,Male,Rent,Married,Close,79500,0,High,18,1763
882,Young,Female,Rent,Single,Close,18900,1,Low,6,184
659,Old,Female,Own,Single,Close,17300,0,Low,6,166
835,Middle,Female,Rent,Married,Close,81400,2,NA,6,1014
796,Young,Male,Rent,Married,Close,36500,0,Medium,24,1140
327,Middle,Female,Own,Single,Close,43300,1,NA,18,1021
605,Middle,Male,Own,Married,Close,76700,1,Medium,24,1431
72,Middle,Male,Own,Married,Far,123000,1,High,24,5878
1233,Middle,Male,Own,Single,Close,56300,3,Low,6,321
742,Middle,Male,Own,Married,Close,70000,0,High,24,1974
652,Middle,Male,Own,Single,Close,48100,0,Medium,18,1640
264,Young,Female,Rent,Married,Close,79400,0,NA,6,1175
1089,Middle,Female,Own,Married,Close,63700,3,Low,12,364
352,Young,Male,Rent,Single,Close,21200,0,NA,12,417
832,Middle,Male,Rent,Single,Close,53900,0,Medium,12,1060
1276,Old,Female,Own,Married,Close,118800,0,High,18,2176
491,Middle,Female,Own,Married,Close,79400,3,Low,6,200
430,Old,Female,Rent,Single,Far,20400,0,NA,24,513
1010,Middle,Male,Rent,Single,Close,52400,0,NA,18,857
535,Old,Female,Own,Single,Close,17600,0,Low,6,224
90,Young,Male,Rent,Single,Close,23500,0,Low,12,371
220,Young,Male,Rent,Married,Close,56900,2,Low,12,687
753,Middle,Male,Own,Married,Close,95100,2,Medium,12,809
104,Middle,Male,Own,Married,Close,119800,2,Medium,24,2090
989,Old,Male,Own,Single,Close,58700,0,NA,24,1479
62,Middle,Female,Own,Married,Close,76700,2,Medium,6,534
879,Middle,Male,Own,Married,Close,67600,1,Medium,18,1172
454,Middle,Male,Own,Single,Close,61500,2,Medium,24,968
384,Old,Female,Own,Married,Close,72900,0,High,6,753
838,Old,Female,Rent,Single,Close,21200,0,Low,6,242
91,Old,Male,Rent,Single,Close,32400,1,Low,12,515
158,Middle,Female,Own,Married,Close,62200,3,NA,24,2119
26,Old,Female,Own,Single,Close,24400,0,Low,6,491
240,Middle,Male,Own,Married,Close,66500,3,Low,12,286
1198,Old,Female,Rent,Married,Far,72200,0,High,24,3069
73,Young,Female,Rent,Single,Close,16900,2,NA,6,281
231,Young,Male,Rent,Married,Close,56300,0,NA,24,1608
591,Old,Female,Own,Single,Far,22000,0,Medium,12,736
777,Young,Female,Rent,Single,Close,18800,2,Low,18,170
515,Young,Female,Rent,Single,Close,26600,2,Low,24,245
434,Middle,Female,Rent,Married,Close,72100,0,High,24,3052
1049,Middle,Male,Own,Single,Far,55600,0,High,18,1786
1026,Young,Female,Rent,Single,Close,14600,3,Low,6,47
1254,Old,Male,Own,Married,Close,45900,0,Medium,24,1645
1107,Young,Female,Own,Single,Close,15100,0,Low,6,274
1197,Middle,Male,Own,Married,Close,140700,3,Medium,12,1001
126,Middle,Male,Own,Married,Close,90300,0,High,24,1944
1235,Old,Male,Own,Married,Close,95900,0,High,24,2585
655,Young,Male,Rent,Single,Far,20800,0,NA,6,260
872,Middle,Male,Own,Married,Close,98400,0,High,12,1414
828,Young,Female,Rent,Single,Close,15000,2,NA,12,341
286,Young,Male,Rent,Single,Close,17700,1,Low,12,268
279,Middle,Male,Own,Married,Close,102400,1,High,18,1237
1032,Young,Male,Rent,Single,Far,17800,1,NA,18,589
410,Young,Male,Rent,Single,Far,13800,1,Low,12,368
811,Middle,Female,Rent,Single,Close,50500,1,Medium,12,940
1094,Middle,Female,Rent,Single,Close,42000,3,Low,18,232
415,Middle,Male,Own,Married,Close,95800,3,Low,12,678
587,Young,Male,Rent,Single,Close,15200,0,NA,12,324
96,Young,Male,Rent,Single,Close,15800,2,Low,12,147
206,Old,Male,Own,Single,Close,51400,0,NA,6,694
236,Old,Female,Rent,Married,Close,38200,0,Medium,6,526
108,Middle,Female,Rent,Single,Close,39900,1,Low,12,586
41,Young,Female,Own,Single,Close,21600,2,NA,12,491
834,Old,Female,Own,Married,Close,65900,0,High,24,1436
465,Middle,Female,Own,Married,Close,97500,1,High,12,1280
1164,Middle,Male,Rent,Married,Far,63000,0,High,18,2107
815,Young,Female,Own,Single,Far,31900,0,NA,12,860
762,Middle,Female,Rent,Single,Far,45500,1,NA,18,1624
486,Old,Female,Own,Single,Close,12800,0,NA,12,230
438,Old,Female,Own,Married,Far,12600,2,Low,12,164
1012,Middle,Male,Rent,Single,Close,50700,3,Low,6,157
863,Young,Female,Rent,Single,Close,17900,3,Low,6,62
620,Young,Female,Rent,Single,Close,14400,1,Low,18,223
1125,Old,Female,Own,Single,Close,23800,0,Low,6,438
670,Middle,Male,Own,Married,Close,84700,3,NA,24,2705
1012,Middle,Female,Rent,Single,Close,36900,1,Low,6,371
1125,Old,Female,Own,Single,Close,20600,0,Low,6,201
806,Young,Male,Rent,Married,Close,41500,0,NA,24,1213
597,Middle,Male,Own,Married,Close,83100,2,Medium,6,586
171,Middle,Male,Own,Married,Far,88700,2,High,24,2693
597,Old,Female,Own,Married,Close,54700,0,Medium,24,1404
468,Middle,Male,Own,Single,Close,68900,2,NA,18,2784
681,Young,Female,Rent,Single,Close,22200,2,Low,18,275
733,Middle,Female,Own,Married,Close,70900,1,Medium,12,794
949,Middle,Male,Own,Single,Close,55900,0,Medium,12,964
938,Middle,Female,Own,Married,Close,80800,1,NA,18,1598
797,Middle,Male,Own,Married,Far,100600,3,High,24,2838
1211,Old,Female,Own,Single,Close,39900,0,NA,6,619
937,Young,Female,Rent,Married,Close,71200,3,Low,12,392
619,Old,Female,Own,Married,Close,61000,0,NA,18,1850
150,Old,Male,Own,Single,Close,38700,0,NA,24,1506
114,Middle,Male,Own,Married,Far,98900,0,NA,18,3126
470,Middle,Male,Own,Single,Close,64300,0,NA,6,1325
197,Middle,Female,Own,Married,Close,75600,0,NA,12,1541
446,Young,Female,Rent,Married,Far,53700,0,High,24,2491
397,Middle,Male,Own,Single,Close,66600,0,High,18,1177
530,Old,Female,Own,Married,Close,89000,0,High,12,1487
306,Young,Female,Rent,Single,Far,18200,2,Low,12,322
792,Young,Female,Rent,Married,Close,73600,1,Medium,6,647
842,Middle,Female,Rent,Single,Far,45600,0,High,12,1322
648,Young,Male,Own,Married,Close,73000,0,NA,6,1534
525,Young,Male,Own,Single,Close,29600,3,NA,12,583
613,Middle,Male,Rent,Married,Close,92900,1,NA,6,1705
598,Old,Female,Rent,Single,Far,13900,0,Low,6,191
558,Young,Male,Rent,Married,Close,64300,3,Low,6,239
221,Middle,Male,Own,Married,Close,77100,2,Medium,6,568
916,Young,Female,Own,Single,Close,27500,3,NA,12,571
106,Old,Male,Rent,Married,Close,81800,0,High,6,919
257,Old,Female,Rent,Married,Close,41700,0,Medium,18,1398
433,Old,Female,Own,Married,Close,51000,0,Medium,12,1025
175,Middle,Male,Rent,Single,Close,55900,1,Medium,12,909
559,Young,Male,Rent,Single,Close,19800,2,Low,12,209
1186,Young,Male,Rent,Single,Close,17600,0,NA,6,245
452,Middle,Male,Rent,Married,Far,84100,1,High,24,2362
184,Middle,Male,Own,Married,Close,85600,0,High,24,3380
703,Young,Male,Rent,Single,Close,13400,0,Low,18,424
159,Young,Female,Rent,Married,Far,47200,1,Medium,12,1272
275,Middle,Male,Own,Married,Close,96300,1,High,24,1909
634,Middle,Male,Own,Married,Close,60500,3,Low,12,340
1227,Middle,Female,Own,Single,Close,35800,1,NA,24,1355
49,Middle,Male,Rent,Married,Close,106100,3,Low,12,472
1029,Young,Male,Rent,Single,Close,18000,0,Low,12,303
911,Middle,Male,Rent,Single,Far,50000,1,NA,6,1079
783,Old,Female,Own,Single,Close,58200,0,Medium,18,981
150,Young,Female,Rent,Single,Far,13500,2,Low,12,160
1141,Middle,Female,Own,Married,Close,59900,1,NA,6,613
712,Young,Female,Rent,Single,Far,18400,1,Low,12,662
635,Middle,Male,Rent,Married,Close,62800,3,Low,6,177
1143,Middle,Male,Rent,Single,Close,70000,0,High,6,785
60,Young,Female,Rent,Single,Far,13600,1,NA,18,349
251,Middle,Female,Rent,Married,Close,97400,3,Low,6,213
478,Old,Female,Own,Married,Far,37500,0,Medium,18,1578
1175,Old,Female,Own,Single,Close,22800,0,Low,6,258
133,Young,Female,Rent,Single,Close,14200,0,NA,6,192
905,Young,Male,Rent,Single,Close,18700,0,Low,12,289
1050,Middle,Male,Own,Married,Close,107400,1,High,24,1821
1185,Young,Female,Rent,Single,Far,28900,0,Medium,24,905
150,Middle,Male,Rent,Married,Close,38400,2,Low,6,188
905,Middle,Male,Rent,Single,Close,54200,0,NA,18,1405
1195,Old,Male,Own,Married,Close,102700,0,NA,18,2381
578,Young,Female,Rent,Single,Close,13300,1,Low,6,184
550,Middle,Male,Own,Single,Close,60200,3,NA,12,1364
89,Young,Male,Rent,Single,Close,21400,0,NA,12,414
18,Young,Female,Rent,Single,Close,21700,2,NA,6,387
636,Young,Male,Rent,Single,Close,23200,1,Low,24,504
637,Middle,Male,Own,Married,Close,64800,2,Medium,12,574
255,Middle,Male,Rent,Single,Close,55600,0,Medium,6,984
981,Middle,Male,Own,Married,Far,89500,0,High,24,5209
695,Young,Female,Rent,Single,Far,12500,1,NA,12,422
938,Middle,Male,Own,Married,Close,87000,0,High,24,1594
752,Middle,Female,Rent,Single,Far,31200,3,NA,24,1087
385,Young,Female,Rent,Single,Close,13700,1,NA,6,163
641,Middle,Male,Own,Single,Close,55500,3,Low,18,427
14,Middle,Female,Rent,Single,Close,58600,1,Medium,6,624
98,Young,Female,Own,Married,Far,55900,1,NA,6,788
53,Young,Female,Rent,Single,Far,13700,2,NA,24,414
538,Old,Female,Own,Married,Far,81400,0,High,24,3001
735,Old,Female,Own,Married,Close,90500,0,High,6,863
596,Middle,Female,Own,Married,Close,82200,1,NA,12,1517
820,Middle,Male,Own,Married,Far,65400,3,NA,6,836
282,Middle,Male,Own,Single,Close,74400,0,High,12,1152
886,Young,Male,Rent,Married,Far,63300,3,NA,6,1408
311,Young,Male,Rent,Married,Far,51600,0,NA,12,1082
324,Young,Male,Rent,Married,Far,55000,0,NA,12,1162
862,Middle,Female,Own,Single,Close,43900,2,Low,6,358
1290,Young,Female,Own,Single,Close,20300,1,Low,12,304
1143,Young,Female,Own,Single,Far,16300,0,NA,12,360
1193,Middle,Male,Own,Married,Close,97600,2,Medium,12,1162
726,Old,Female,Rent,Single,Far,15100,0,Low,6,348
755,Young,Female,Rent,Single,Close,12500,3,NA,12,206
468,Young,Female,Rent,Single,Close,10600,2,Low,12,114
56,Middle,Female,Own,Single,Close,41300,1,NA,18,932
1077,Young,Female,Own,Single,Close,27200,2,Low,18,446
411,Middle,Male,Own,Married,Close,102400,1,NA,12,2466
793,Young,Female,Own,Single,Far,27900,1,NA,12,576
558,Old,Male,Rent,Married,Far,23800,0,NA,12,428
1190,Middle,Male,Own,Married,Close,100000,1,High,24,2247
935,Middle,Female,Rent,Married,Far,43300,3,Medium,24,716
292,Middle,Male,Own,Married,Close,65800,1,NA,12,1017
17,Middle,Female,Own,Married,Close,49700,2,Low,18,613
1035,Middle,Female,Rent,Married,Close,82300,2,Medium,12,580
443,Middle,Male,Rent,Single,Close,41200,0,Medium,12,841
621,Young,Male,Rent,Single,Close,29200,0,Low,18,737
1063,Middle,Female,Own,Single,Close,51900,2,NA,12,1162
605,Middle,Female,Own,Married,Close,85500,2,Medium,18,895
463,Young,Female,Rent,Single,Far,12400,3,Low,18,205
872,Middle,Female,Own,Married,Close,111900,1,NA,12,2340
243,Middle,Female,Rent,Single,Close,40400,1,Low,24,630
98,Young,Male,Rent,Single,Far,10900,0,Low,24,407
758,Middle,Male,Own,Married,Close,82400,3,NA,18,2122
882,Young,Female,Rent,Single,Close,13200,1,Low,12,227
907,Middle,Male,Rent,Single,Close,57800,0,Medium,24,1149
39,Old,Female,Own,Married,Close,52200,1,Medium,12,669
1288,Middle,Male,Rent,Married,Far,64600,2,NA,24,2935
443,Middle,Female,Own,Single,Close,43100,0,NA,24,1444
561,Old,Female,Own,Married,Far,40100,0,Medium,12,1384
1108,Old,Male,Own,Married,Close,84500,0,NA,12,1557
886,Old,Male,Rent,Married,Close,34500,0,Medium,12,802
1220,Young,Female,Rent,Married,Close,61000,1,NA,18,1611
759,Old,Female,Own,Married,Far,79300,0,NA,12,2047
700,Middle,Male,Rent,Single,Close,44500,0,Medium,24,1175
426,Young,Male,Rent,Married,Close,39700,0,Medium,18,1011
254,Old,Female,Own,Single,Close,30300,0,Low,18,1062
1095,Young,Female,Rent,Single,Close,20100,1,Low,12,271
809,Old,Male,Own,Married,Far,86500,0,High,24,2690
1139,Old,Female,Rent,Single,Close,42500,0,Medium,24,918
603,Middle,Male,Own,Married,Close,102300,0,High,24,2438
1114,Middle,Female,Own,Single,Far,52600,2,Medium,12,1307
202,Middle,Female,Rent,Single,Far,37800,2,NA,12,1185
718,Young,Female,Rent,Single,Close,20300,2,Low,12,180
1211,Middle,Male,Own,Married,Close,71600,1,NA,12,1198
428,Young,Male,Rent,Married,Close,54500,1,Medium,18,1001
153,Middle,Male,Rent,Single,Close,54700,0,Medium,24,1355
794,Middle,Male,Rent,Single,Far,58600,2,NA,6,989
952,Middle,Male,Rent,Single,Far,53800,0,High,12,1803
653,Middle,Female,Own,Married,Close,131500,3,NA,6,2840
953,Middle,Male,Rent,Single,Far,52200,0,High,24,1909
991,Young,Male,Rent,Married,Close,37200,1,Low,6,247
640,Young,Male,Rent,Single,Far,22900,1,NA,12,814
702,Young,Male,Rent,Married,Close,55500,3,Low,12,216
888,Young,Female,Rent,Single,Far,12800,1,NA,24,365
177,Young,Female,Rent,Single,Close,17600,2,Low,18,163
325,Old,Female,Own,Single,Far,28300,0,Medium,24,933
180,Old,Male,Own,Single,Close,41900,0,Medium,6,654
96,Young,Female,Rent,Single,Close,14100,3,NA,6,153
225,Middle,Male,Rent,Single,Close,52100,0,NA,12,1668
948,Middle,Male,Rent,Single,Far,38700,1,Medium,18,1009
115,Middle,Female,Rent,Single,Far,44100,1,Medium,18,1659
108,Middle,Male,Own,Married,Far,79200,1,High,6,1905
1224,Young,Female,Rent,Single,Close,22600,3,NA,6,521
457,Middle,Male,Rent,Single,Close,55100,2,NA,6,826
1241,Old,Female,Own,Married,Far,70400,0,High,18,2610
131,Middle,Male,Own,Married,Close,107300,2,Medium,24,1194
464,Middle,Female,Rent,Married,Close,66500,1,NA,24,1181
808,Young,Male,Rent,Single,Close,10200,0,NA,24,362
49,Young,Female,Own,Single,Far,41000,1,Medium,12,768
105,Middle,Female,Rent,Single,Close,26200,1,Low,12,381
1016,Middle,Male,Rent,Married,Far,72200,3,Medium,18,1811
286,Middle,Male,Rent,Single,Far,36700,1,Medium,24,1218
684,Old,Male,Own,Married,Far,74500,0,NA,18,1413
351,Middle,Female,Own,Single,Close,60200,1,NA,12,1748
971,Old,Male,Rent,Single,Close,34500,0,Medium,24,639
1179,Old,Female,Own,Married,Close,83700,0,High,18,1582
722,Young,Male,Rent,Single,Far,14800,1,NA,12,376
815,Middle,Male,Own,Married,Close,106400,0,NA,12,1757
1268,Young,Female,Rent,Married,Close,42000,3,Low,6,105
933,Middle,Male,Rent,Married,Close,118800,0,High,12,2631
313,Young,Female,Own,Single,Far,21900,2,Low,24,486
1186,Middle,Male,Rent,Single,Close,39500,1,NA,6,412
293,Middle,Male,Rent,Single,Close,45900,0,Medium,12,716
1087,Young,Female,Rent,Married,Close,37100,2,Low,24,653
1152,Middle,Female,Rent,Single,Close,28200,1,Low,6,224
1108,Middle,Male,Rent,Married,Close,74600,2,Medium,18,705
699,Middle,Male,Own,Married,Close,122700,1,NA,18,4984
833,Young,Female,Rent,Single,Close,14200,2,Low,18,197
443,Middle,Male,Own,Married,Far,75500,0,NA,18,2450
698,Middle,Male,Own,Single,Close,62900,0,NA,24,2561
571,Young,Male,Rent,Single,Far,19400,0,Low,6,563
193,Middle,Female,Rent,Single,Close,46600,0,NA,12,546
834,Middle,Male,Own,Married,Far,79700,1,High,24,3384
36,Middle,Male,Own,Single,Close,45900,2,Low,12,416
383,Old,Female,Own,Married,Close,42800,0,Medium,6,685
1280,Old,Male,Own,Married,Far,65500,0,High,24,1931
663,Old,Female,Rent,Single,Close,33600,0,Medium,12,573
959,Middle,Female,Own,Single,Far,55600,1,High,18,1553
760,Young,Female,Rent,Single,Close,24000,2,NA,6,362
682,Young,Male,Rent,Single,Far,25700,0,Medium,18,907
955,Old,Female,Own,Married,Close,21500,0,Low,18,445
710,Old,Female,Rent,Married,Close,68600,0,High,18,1342
635,Young,Female,Rent,Single,Far,23100,2,Low,12,457
272,Middle,Female,Rent,Married,Close,53300,0,Medium,24,1598
633,Old,Female,Own,Married,Close,112800,0,High,12,1861
107,Old,Male,Own,Married,Close,124900,0,High,18,4109
339,Middle,Female,Own,Single,Close,72200,0,NA,18,3278
501,Middle,Male,Rent,Single,Close,35100,1,Low,6,421
787,Old,Female,Rent,Single,Close,14900,0,NA,12,275
96,Middle,Male,Rent,Single,Close,72000,0,High,12,1475
63,Middle,Male,Own,Married,Close,82400,0,High,18,1779
1078,Young,Male,Rent,Married,Close,41600,3,NA,24,1634
1269,Middle,Female,Own,Married,Close,68500,2,NA,12,1500
560,Young,Male,Own,Married,Close,62200,0,High,24,1348
232,Old,Female,Own,Single,Close,35900,0,NA,12,962
868,Young,Male,Rent,Single,Close,14100,0,Low,12,328
1275,Young,Female,Rent,Married,Close,36500,1,NA,18,747
209,Middle,Female,Own,Married,Close,86400,1,High,12,1713
945,Old,Female,Rent,Married,Close,39500,0,Medium,12,1006
540,Old,Male,Own,Married,Close,85300,0,NA,12,2523
625,Old,Female,Own,Married,Close,110700,0,High,12,2458
1195,Young,Male,Rent,Single,Far,17700,0,Low,18,742
1090,Young,Female,Rent,Married,Far,33200,1,NA,24,1639
1035,Middle,Female,Own,Single,Close,53800,0,Medium,12,843
1211,Old,Male,Rent,Single,Close,44400,0,Medium,18,886
770,Middle,Female,Rent,Married,Close,135700,1,High,24,2746
117,Young,Female,Rent,Single,Far,20700,1,Low,12,550
382,Middle,Male,Rent,Married,Far,83500,2,High,24,2098
776,Middle,Female,Rent,Married,Close,84200,2,Medium,24,954
997,Middle,Female,Rent,Married,Close,79900,1,Medium,12,1041
343,Old,Female,Rent,Single,Far,19700,0,Low,6,535
114,Middle,Female,Rent,Single,Close,35300,0,NA,18,1369
1146,Old,Male,Own,Married,Far,52000,0,High,18,2545
129,Young,Male,Rent,Single,Close,21300,1,NA,12,329
785,Middle,Male,Own,Single,Close,63700,0,NA,6,1351
318,Old,Female,Own,Married,Close,25900,0,Low,18,582
1181,Middle,Male,Rent,Married,Close,65800,2,Medium,18,578
73,Old,Female,Rent,Single,Close,11000,0,NA,24,195
26,Old,Female,Rent,Married,Close,65900,0,High,12,777
51,Middle,Female,Own,Married,Close,108100,1,High,12,1133
279,Middle,Male,Own,Married,Close,107300,2,Medium,18,1566
1243,Middle,Female,Rent,Married,Close,79500,0,High,12,1651
88,Middle,Female,Rent,Married,Close,95900,0,NA,24,3168
711,Middle,Male,Rent,Single,Close,45200,1,Medium,18,699
319,Middle,Male,Own,Married,Close,98500,0,High,18,2034
949,Old,Female,Own,Married,Close,96200,0,High,12,1457
1108,Young,Male,Rent,Single,Close,17900,0,NA,18,395
634,Middle,Male,Own,Married,Close,42700,0,Medium,6,541
764,Middle,Male,Own,Single,Far,49700,0,High,24,2844
591,Middle,Female,Rent,Single,Close,43000,3,Low,24,225
592,Young,Female,Rent,Single,Close,15500,1,Low,6,210
982,Young,Male,Rent,Single,Close,13000,3,Low,6,43
1200,Middle,Female,Rent,Single,Close,27200,3,Low,24,243
477,Old,Female,Own,Married,Close,26700,0,Low,24,1120
1244,Old,Male,Own,Single,Far,61000,0,High,6,975
1144,Middle,Female,Own,Married,Close,76600,3,NA,24,2904
163,Middle,Male,Own,Married,Close,117500,2,Medium,12,927
1281,Old,Male,Own,Married,Close,90600,0,High,24,3167
105,Young,Female,Rent,Single,Far,12600,0,Low,6,241
333,Old,Female,Own,Single,Close,12700,2,Low,6,65
947,Middle,Female,Own,Married,Far,77600,3,Medium,12,858
964,Middle,Female,Rent,Married,Far,92400,1,NA,6,2191
665,Old,Female,Rent,Married,Close,71800,0,High,24,1946
1294,Middle,Male,Own,Married,Far,95800,3,NA,12,2581
259,Young,Female,Own,Single,Close,32600,3,Low,12,172
583,Middle,Male,Own,Married,Close,74500,2,Medium,12,824
1165,Old,Female,Rent,Single,Close,29200,0,Low,12,556
689,Young,Female,Rent,Single,Far,12900,1,Low,6,167
676,Middle,Male,Rent,Married,Close,117700,1,High,12,2104
1017,Middle,Female,Own,Married,Close,64100,1,Medium,18,1332
772,Middle,Female,Rent,Single,Close,46500,1,Medium,24,829
962,Young,Female,Rent,Single,Close,12400,1,NA,12,229
216,Middle,Male,Own,Married,Far,130600,0,High,18,3442
656,Middle,Male,Own,Married,Far,74400,0,High,6,1893
767,Old,Female,Own,Single,Far,40600,2,Medium,6,690
211,Young,Female,Rent,Married,Close,54200,1,Medium,6,486
22,Middle,Male,Own,Single,Far,65400,1,High,12,2290
33,Middle,Male,Rent,Single,Close,49100,0,NA,6,934
293,Young,Female,Rent,Single,Close,10600,2,NA,24,517
537,Young,Female,Rent,Married,Close,76400,0,NA,12,2216
585,Middle,Female,Rent,Married,Close,93700,1,High,24,1521
992,Middle,Male,Rent,Single,Far,49000,0,High,18,1523
1217,Middle,Female,Own,Married,Close,96500,1,High,18,1364
22,Middle,Male,Own,Single,Close,55600,0,NA,12,952
1168,Middle,Male,Own,Married,Close,99600,1,High,6,871
1224,Middle,Female,Own,Married,Close,79900,3,Low,12,295
1277,Old,Female,Rent,Married,Close,50500,0,Medium,12,642
900,Old,Female,Own,Single,Far,16300,0,Low,6,317
291,Old,Female,Own,Married,Close,49200,0,Medium,12,1078
689,Middle,Male,Own,Single,Far,48100,2,Medium,18,961
558,Middle,Male,Own,Single,Far,61300,2,High,24,1241
530,Middle,Female,Own,Married,Close,72600,1,NA,18,1999
1150,Young,Male,Rent,Single,Far,19500,0,NA,24,571
490,Young,Female,Rent,Single,Close,17200,1,NA,12,329
980,Middle,Male,Rent,Single,Far,51100,0,High,24,1984
679,Middle,Male,Own,Single,Close,76800,1,Medium,18,1061
601,Middle,Male,Own,Single,Far,60200,0,High,12,1955
536,Middle,Male,Rent,Single,Close,59100,2,Low,18,580
960,Old,Female,Own,Single,Close,32500,0,Medium,24,883
1168,Middle,Female,Rent,Single,Far,49500,2,Medium,12,1195
894,Middle,Male,Own,Married,Close,109600,1,High,12,2318
45,Young,Female,Rent,Married,Close,47300,0,NA,6,640
166,Middle,Male,Rent,Married,Close,93000,1,High,24,2644
251,Young,Female,Own,Single,Far,32000,1,NA,24,1320
1218,Young,Female,Own,Single,Close,44700,1,Medium,6,502
1075,Old,Female,Own,Married,Close,69400,0,High,18,2419
683,Middle,Male,Own,Married,Close,64300,2,Medium,6,661
289,Middle,Male,Own,Single,Far,75400,0,High,24,2723
744,Middle,Male,Own,Married,Close,96100,0,High,6,1588
1197,Old,Female,Own,Married,Close,118000,3,Low,12,581
834,Young,Male,Rent,Married,Close,69700,1,Medium,12,1432
244,Old,Male,Own,Single,Close,59300,0,Medium,12,929
44,Middle,Female,Rent,Married,Close,88600,3,Low,6,212
789,Middle,Male,Own,Married,Close,102600,0,High,18,2546
1209,Middle,Male,Rent,Single,Close,43700,0,NA,18,1344
611,Old,Female,Own,Married,Close,22400,0,NA,24,947
588,Middle,Male,Rent,Married,Far,70500,1,NA,24,2145
902,Middle,Male,Own,Married,Close,54200,1,Medium,6,757
329,Middle,Female,Own,Single,Far,25300,1,NA,6,451
610,Old,Male,Own,Married,Close,116100,1,High,24,2975
230,Young,Female,Rent,Single,Close,15900,0,NA,18,406
397,Middle,Female,Own,Single,Close,46600,3,Low,6,158
299,Young,Male,Own,Single,Close,23200,0,NA,24,534
708,Young,Male,Rent,Single,Close,18200,0,Low,12,401
822,Middle,Female,Own,Married,Close,82700,1,High,18,1753
128,Young,Female,Rent,Single,Close,17000,0,Low,18,659
1278,Middle,Male,Own,Married,Close,83000,2,Medium,6,726
545,Young,Female,Own,Married,Close,42400,1,NA,18,1166
797,Old,Male,Own,Single,Close,40200,2,NA,18,1197
466,Young,Female,Rent,Single,Far,17300,0,Low,6,411
789,Middle,Female,Own,Married,Close,109800,1,High,24,2258
801,Middle,Female,Own,Single,Far,64400,3,Medium,24,1913
542,Young,Female,Rent,Single,Far,27600,1,Medium,24,893
1197,Young,Female,Rent,Single,Close,25100,1,NA,6,421
739,Middle,Female,Own,Single,Close,46300,3,NA,6,1138
971,Old,Female,Own,Married,Far,74900,0,NA,12,1804
305,Middle,Male,Own,Single,Close,67900,0,High,18,1418
1194,Middle,Male,Rent,Married,Close,88500,2,Medium,24,1104
949,Middle,Male,Own,Married,Close,99200,3,NA,12,2796
506,Old,Female,Own,Married,Close,62800,0,High,18,1403
207,Old,Male,Own,Married,Far,76900,2,High,24,3230
541,Middle,Male,Own,Married,Close,84100,3,NA,6,1352
662,Old,Female,Own,Married,Close,77600,0,High,18,2004
1166,Young,Female,Rent,Single,Close,19100,1,Low,18,403
1164,Old,Female,Own,Married,Far,128700,0,High,24,3995
695,Young,Female,Rent,Single,Far,14400,1,Low,6,390
153,Old,Male,Rent,Married,Close,49600,0,Medium,6,770
796,Middle,Female,Rent,Single,Close,47000,0,NA,6,963
695,Young,Female,Rent,Married,Close,36600,0,Medium,6,833
819,Middle,Female,Own,Single,Close,65800,1,Medium,12,869
740,Middle,Male,Rent,Married,Far,52800,2,Medium,12,926
494,Middle,Male,Own,Married,Close,96500,0,High,24,3780
434,Middle,Female,Rent,Married,Close,63500,1,Medium,18,1023
832,Middle,Male,Rent,Single,Close,60400,1,Medium,6,791
575,Middle,Male,Own,Married,Close,102700,3,NA,12,1473
108,Middle,Male,Own,Married,Close,100100,2,NA,6,1597
942,Middle,Male,Rent,Single,Close,54400,0,Medium,6,1150
337,Middle,Male,Rent,Married,Close,105600,3,Low,6,304
1291,Old,Female,Own,Married,Far,57900,0,High,12,1693
126,Young,Male,Own,Single,Close,31500,3,Low,18,269
142,Middle,Female,Rent,Married,Far,60100,1,High,18,1430
1094,Middle,Male,Rent,Married,Close,87400,2,NA,18,2729
264,Middle,Male,Own,Married,Close,117900,0,High,6,1760
421,Middle,Male,Own,Single,Close,48800,1,Medium,24,1271
119,Middle,Female,Own,Married,Close,67900,3,Low,12,356
598,Old,Male,Rent,Married,Far,66200,0,NA,6,1024
44,Middle,Male,Rent,Married,Close,88000,2,Medium,6,524
486,Middle,Male,Rent,Married,Close,94200,1,High,18,1211
148,Young,Female,Rent,Single,Close,29200,3,NA,6,636
1247,Young,Male,Rent,Single,Far,15300,0,Low,24,645
1170,Young,Male,Rent,Single,Far,17500,0,Low,18,472
1286,Old,Male,Own,Married,Close,168800,0,High,6,1512
168,Middle,Male,Rent,Single,Far,40200,0,High,18,1634
70,Young,Male,Rent,Single,Close,28400,3,Low,18,182
49,Middle,Male,Rent,Married,Far,72200,3,Medium,18,1042
1052,Middle,Female,Own,Single,Far,55200,0,High,18,1714
1059,Middle,Female,Rent,Single,Close,44600,0,Medium,18,966
1063,Middle,Male,Own,Single,Close,58400,0,Medium,12,829
775,Middle,Female,Own,Single,Close,67800,1,Medium,6,680
610,Old,Female,Own,Single,Close,25500,0,Low,18,636
516,Young,Female,Rent,Single,Far,20000,3,Low,6,182
298,Middle,Male,Rent,Single,Far,52600,1,NA,18,1773
984,Middle,Male,Rent,Married,Far,97600,1,NA,12,2902
591,Old,Male,Own,Married,Close,23400,0,Low,6,348
871,Middle,Female,Own,Married,Close,102500,3,Low,12,548
711,Middle,Female,Own,Married,Far,52300,1,High,18,2034
1211,Middle,Male,Rent,Single,Far,65400,0,High,12,2296
319,Young,Male,Rent,Single,Close,19600,0,Low,12,395
67,Old,Male,Own,Married,Far,37000,0,Medium,12,850
1251,Young,Female,Rent,Single,Far,13200,0,NA,18,512
513,Middle,Male,Rent,Single,Close,63800,1,Medium,24,1622
1052,Old,Female,Rent,Single,Far,22600,0,NA,12,865
63,Old,Female,Own,Single,Close,37300,0,Medium,6,673
1108,Young,Male,Rent,Single,Far,14900,1,NA,12,422
349,Middle,Female,Own,Single,Close,36700,1,NA,6,529
623,Middle,Male,Own,Single,Close,63200,0,High,24,1932
860,Old,Male,Own,Married,Close,77300,0,High,18,1853
957,Middle,Male,Rent,Single,Close,43100,1,NA,12,1224
340,Middle,Female,Rent,Single,Far,44800,1,Medium,6,666
423,Old,Female,Rent,Married,Close,70900,0,High,24,1685
126,Middle,Female,Rent,Single,Far,38200,0,Medium,24,1476
110,Young,Female,Rent,Single,Far,18400,1,Low,6,319
840,Middle,Female,Rent,Single,Close,40700,3,Low,18,232
1024,Old,Male,Own,Single,Close,71300,0,High,18,1543
1152,Middle,Female,Rent,Single,Close,36400,2,Low,18,506
114,Young,Male,Rent,Single,Close,15400,0,Low,6,172
614,Middle,Male,Own,Single,Far,39100,1,Medium,12,1001
331,Middle,Male,Rent,Single,Close,43800,0,Medium,12,606
228,Young,Male,Rent,Single,Far,25300,0,Medium,12,591
1173,Old,Male,Rent,Married,Close,71800,0,High,12,1389
927,Middle,Male,Own,Single,Close,73200,0,High,24,2177
707,Middle,Male,Own,Married,Far,79000,1,High,18,2279
218,Middle,Female,Rent,Married,Close,75200,1,NA,24,2702
942,Young,Female,Rent,Single,Close,25300,3,NA,6,510
716,Old,Female,Own,Married,Close,43600,0,Medium,12,1047
361,Middle,Male,Own,Married,Close,83600,2,Medium,6,538
575,Middle,Female,Own,Single,Far,56200,0,High,18,1546
1255,Young,Male,Rent,Married,Close,45500,0,Medium,6,754
1277,Middle,Male,Own,Married,Close,99300,1,High,12,1504
603,Middle,Male,Own,Married,Far,108000,3,High,24,1849
58,Middle,Female,Own,Married,Far,84900,1,High,24,3072
523,Middle,Male,Own,Married,Far,93000,3,High,6,1046
789,Middle,Female,Own,Married,Close,82000,0,High,18,1800
134,Old,Female,Own,Single,Close,33000,3,NA,6,700
683,Middle,Female,Own,Single,Close,36900,2,Low,24,514
1077,Middle,Female,Rent,Single,Close,33200,1,NA,6,320
588,Young,Male,Rent,Married,Close,49300,0,NA,24,1692
799,Old,Male,Rent,Married,Far,66200,0,High,24,2057
246,Middle,Male,Own,Married,Far,96800,2,High,18,2299
331,Old,Male,Own,Single,Close,63200,0,High,24,1507
975,Old,Male,Own,Married,Far,112900,0,High,24,6217
1052,Middle,Female,Rent,Single,Close,32100,2,Low,24,405
1269,Middle,Male,Own,Married,Far,102700,1,High,18,3785
898,Middle,Male,Own,Married,Close,123800,2,NA,18,3537
962,Old,Female,Rent,Single,Far,11700,0,Low,18,540
1283,Middle,Male,Own,Married,Close,101700,1,NA,6,941
924,Middle,Female,Own,Married,Far,99200,0,High,24,5503
817,Young,Male,Rent,Single,Close,17600,0,NA,6,273
190,Young,Female,Rent,Single,Close,19400,1,NA,18,384
510,Middle,Male,Rent,Single,Far,40500,1,NA,18,1073
725,Old,Male,Own,Single,Close,44800,0,Medium,24,1417
1034,Middle,Male,Own,Married,Close,79000,2,Medium,18,671
1203,Young,Male,Rent,Married,Close,53600,1,Medium,24,973
