Store ID,Company,General Seller,Services Seller,Support Seller,Product Seller
00303143,Obersheimer Sails Inc.,gslcler,aigsler,cloMAer,aigMAIZ
01111978,Bohnkita Enterprises,g0aclas,aig0as,cloNUas,aigNULL
02020106,PnK Sales,lhoytAL,milhoAL,yteMAAL,milMAIZ
02424100,Teresa Bermudez,gcrclab,aigcrab,cloMAab,aigMAIZ
03333165,Patrick Ciano Design,lclytRI,kelclRI,ytejaRI,keljaer
03838966,Idaho Department Of Commerce,lheytEN,welheEN,yteMAEN,welMAIZ
04545136,Jacobs Sales Company; Inc,gcrclab,wellhEN,yteMAEN,welMAIZ
05959107,Grand Tool Supply,lclyt,kelmiRI,yteMARI,kelMAIZ
06464845,AM SALES MOTIVATORS; INC,lphytTH,aigcrab,cloMAab,aigMAIZ
08383524,Vinson Supply,gslcler,kelcl,yteja,keljaer
08686141,Drutek Consulting,g0aclas,kelphTH,yteMATH,kelMAIZ
08686522,Brockway-Smith Co.,lhoytAL,aigrito,clomato,aigmaks
09191882,Yale University,gcrclab,aigkiab,cloMAab,aigMAIZ
09797210,Matlockandfriends,lclytRI,aigslab,cloMAab,aigMAIZ
10101100,Solar Plastics,lheytEN,milroRA,yteMARA,milMAIZ
10808940,Ami Shabtai,gcrclab,kelmiTH,yteMATH,kelMAIZ
10808965,Gadzooks,lclyt,welanNA,yteMANA,welMAIZ
11010953,Atlantic Sales And Performace Inc,lphytTH,aigcrab,cloMAab,aigMAIZ
11616134,Brooke SUPPLY Company,gslcler,welalNA,yteMANA,welMAIZ
12727521,In Touch Sales Associates,g0aclas,aigrigh,clomagh,aigmaks
12828111,Randy Davis,lhoytAL,miljoRA,yteMARA,milMAIZ
12929521,Surgident Instrument; Corp,gcrclab,kelja,yteja,keljaer
13131147,JOHN RUGGIERI,lclytRI,aigsler,cloMAer,aigMAIZ
13535109,TW Cable Ad Sales,lheytEN,miljoRA,yteMARA,milMAIZ
13737882,Pegasys Sales; Inc,gcrclab,aigolab,cloMAab,aigMAIZ
14040147,Cross Country Trailer Sales,lclyt,kelphNA,yteMANA,kelMAIZ
14343143,Valley Sales Internationa,lphytTH,aigsler,cloMAer,aigMAIZ
14444106,Meissen Shop,gslcler,welalNA,yteMANA,welMAIZ
16767845,Gerald Mayfield,g0aclas,wellhAL,yteMAAL,welMAIZ
17272145,MJ Corporate Sales,lhoytAL,aigsler,cloMAer,aigMAIZ
17474521,Walton's Cue Sales,gcrclab,aigkiab,cloMAab,aigMAIZ
17676521,Associated Supply Co,lclytRI,aigcrab,cloMAab,aigMAIZ
17878127,Mt. Washington Homebrew Supply,lheytEN,welchAL,yteMAAL,welMAIZ
18080184,Tritek Sales,gcrclab,aiglrab,cloMAab,aigMAIZ
18888143,Quintana Supply,lclyt,aig0as,clomaas,aigmaks
18888214,VirtualEdge Corporation,lphytTH,kelphRI,yteMARI,kelMAIZ
19090953,J.R. Johnson Supply; Inc,gslcler,aigslLA,cloMALA,aigMAIZ
19292522,BICK DATA MANAGEMENT SYSTEMS; INC,g0aclas,welchAL,ytejaAL,weljaer
19898153,Q R Industrial Sales Company; Inc,lhoytAL,miljoRA,yteMARA,milMAIZ
19999112,Netpoint International,gcrclab,aigcrab,cloMAab,aigMAIZ
20202140,Daniel Stegall,lclytRI,aigolER,cloMAER,aigMAIZ
20909162,A Private Matter,lheytEN,milsiEU,yteMAEU,milMAIZ
20909845,Seaport Services Corporation,gcrclab,miljoRA,yteMARA,milMAIZ
22525115,Barefoot Fantasies,lclyt,aigrigh,clomagh,aigmaks
22626138,Misael Bigio,lphytTH,aigcrab,cloMAab,aigMAIZ
22626619,R & J Stationary,gslcler,aig0as,cloNUas,aigNULL
23232162,LGA Medical Sales,g0aclas,kelpoTH,yteMATH,kelMAIZ
23232619,Bill Reese,lhoytAL,aig0as,cloNUas,aigNULL
23636522,Agrico Sales,gcrclab,aigkiab,cloMAab,aigMAIZ
23737520,Empire Machinery & Supply Corporation,lclytRI,welalNA,yteMANA,welMAIZ
24343524,Simone Barnes,lheytEN,aigbrer,cloMAer,aigMAIZ
24747845,SalesGreetingsUsa.com,gcrclab,aigoler,cloMAer,aigMAIZ
24848972,Direct Outlet USA,lclyt,aigslab,cloMAab,aigMAIZ
24949619,Bohn's Sales And Service,lphytTH,aig0as,cloNUas,aigNULL
25555521,Poe McDougal Ins,gslcler,kelmi,yteja,keljaer
25757967,Kingsbury Bearings,g0aclas,welbeNA,yteMANA,welMAIZ
26060124,Oakland Corporation,lhoytAL,welanAL,yteMAAL,welMAIZ
26565108,B Phillips,gcrclab,wellhAL,yteMAAL,welMAIZ
27575106,Minzey For Sheriff,lclytRI,milsiAL,yteMAAL,milMAIZ
27575845,Baby Bedrooms,lheytEN,welch,yteja,weljaer
28282143,Salerno Land Sales,gcrclab,kelphTH,ytejaTH,keljaer
28585106,Robin Ford,lclyt,aigrigh,clomagh,aigmaks
28686156,Sales Consultants Of Goodyear; Inc,lphytTH,aigoler,cloMAer,aigMAIZ
28787619,Transport Associates Of Baltimore; Inc.,gslcler,aigcrab,cloMAab,aigMAIZ
29595212,Gina Maloney,g0aclas,aig0as,cloNUas,aigNULL
30303520,Iacampo Vincent Stone Mason,lhoytAL,kelclRI,yteMARI,kelMAIZ
30404212,Riccio's Sport Ser & Supply,gcrclab,welchEN,yteMAEN,welMAIZ
30606112,Mary Lashlee,lclytRI,aigkiab,cloMAab,aigMAIZ
30606604,Jim Vance,lheytEN,welhe,ytema,welmaks
30707138,Maul Sales,gcrclab,aignioc,cloMAoc,aigMAIZ
30707522,Reliance Supply,lclyt,milsiAL,yteMAAL,milMAIZ
30707619,DINES SALES,lphytTH,aigrigh,cloMAgh,aigMAIZ
31010882,R. J. Rauen Sales; Inc,gslcler,welolEN,yteMAEN,welMAIZ
31515815,Tribrothers Inc,g0aclas,milma,ytech,milchim
32020127,Casino Of The Sun,lhoytAL,aigolLA,cloMALA,aigMAIZ
32121521,All Trades Supply; Inc.,gcrclab,aigoler,cloMAer,aigMAIZ
32222153,Con Estilo Latino,lclytRI,wellhAL,yteMAAL,welMAIZ
32626963,Reno Fabricating & Sales Co.; Inc,lheytEN,miljoEU,yteMAEU,milMAIZ
32929524,Www.trimstore.net,gcrclab,aigkiab,cloMAab,aigMAIZ
33030521,Chandler Supply Company; Inc,lclyt,aig0as,cloNUas,aigNULL
33636619,Rock Valley Ind Supply,lphytTH,welalNA,yteMANA,welMAIZ
33737110,Sweetland Sales,gslcler,kelmiRI,yteMARI,kelMAIZ
34343132,Control System Sales; Inc,g0aclas,welloNA,yteMANA,welMAIZ
34444939,McCormick Sales And Service - Mike McCormick,lhoytAL,welalNA,yteMANA,welMAIZ
34949522,NG SALES,gcrclab,aigcrab,cloMAab,aigMAIZ
35858152,Perry Havener,lclytRI,welloNA,yteMANA,welMAIZ
35858154,JWordSmith,lheytEN,kelphRI,yteMARI,kelMAIZ
35959619,Inavitas,gcrclab,aignioc,cloMAoc,aigMAIZ
36565111,J.j. Davidian,lclyt,aigsler,cloMAer,aigMAIZ
36565815,Morgan Consulting,lphytTH,aigcrab,cloMAab,aigMAIZ
37272619,Mohr Corporation,gslcler,milsiEU,ytechEU,milchim
38282521,Coupling Nut Supply,g0aclas,aigbrer,cloMAer,aigMAIZ
38686957,Xenical; Order,lhoytAL,miljmRA,ytechRA,milchim
38787160,District Supply Center; Inc,gcrclab,welanNA,yteMANA,welMAIZ
39898184,Advanced Material Handling; Inc,lclytRI,aignioc,cloMAoc,aigMAIZ
40303520,ATM,lheytEN,welanNA,yteMANA,welMAIZ
40505521,Office Supply Solutions,gcrclab,aig0as,cloNUas,aigNULL
41010143,Robert M. Wells,lclyt,kelclTH,yteMATH,kelMAIZ
41111143,Dollar Store,lphytTH,kelmiRI,ytejaRI,keljaer
41313520,Rajesh,gslcler,milma,ytech,milchim
41515165,Wayne A. Lown,g0aclas,aigbrer,cloMAer,aigMAIZ
42121111,Roger's Broadcasting,lhoytAL,milroRA,yteMARA,milMAIZ
42424520,Steven W. Streich,gcrclab,wellhEN,yteMAEN,welMAIZ
42525961,Restorative Care Of America,lclytRI,welchEN,yteMAEN,welMAIZ
43333143,Smart Sales Leads,lheytEN,milroRA,yteMARA,milMAIZ
44646101,Gary Gillespie,gcrclab,aigbrer,cloMAer,aigMAIZ
44949942,Dillard's Inc,lclyt,welanAL,yteMAAL,welMAIZ
45353117,James G Piccinich,lphytTH,miljoRA,yteMARA,milMAIZ
45353143,Ferguson Box & Supply MFG. CO,gslcler,welalNA,yteMANA,welMAIZ
45555157,Easy Street Discount,g0aclas,welloAL,yteMAAL,welMAIZ
46363521,Draperyonline.com Inc,lhoytAL,aig0as,cloNUas,aigNULL
47070521,Reece & Nichols Leawood South,gcrclab,aig0as,cloNUas,aigNULL
47373521,New Hampshire Business Sales,lclytRI,aig0as,cloNUas,aigNULL
47474119,Lynn Office Supply,lheytEN,aigbrer,cloMAer,aigMAIZ
47878124,Altitude Matters,gcrclab,aigkiab,cloMAab,aigMAIZ
47979520,The Diamond Group,lclyt,kelpoRI,yteMARI,kelMAIZ
48787954,SHOOTERS SUPPLY COMPANY,lphytTH,welalNA,yteMANA,welMAIZ
49696521,Dupre Supply,gslcler,aig0as,cloNUas,aigNULL
49797521,Russell Morgan,g0aclas,aig0as,cloNUas,aigNULL
49898165,JDSexton,lhoytAL,miljoEU,yteMAEU,milMAIZ
50303109,Luvy Duvy Corporation,gcrclab,aignioc,cloMAoc,aigMAIZ
50909134,Burke's Outlet,lclytRI,miljoEU,ytechEU,milchim
51515521,B&G Sales And Service; Inc,lheytEN,aig0as,cloNUas,aigNULL
51717109,Land Rover Westchester; LLC,gcrclab,aigcrab,cloMAab,aigMAIZ
52121521,ADAMS; THOMAS,lclyt,aig0as,cloNUas,aigNULL
53535951,Agri-vally Sales,lphytTH,welloAL,yteMAAL,welMAIZ
53939152,Suburban Sales Rental Center,gslcler,aigsler,cloMAer,aigMAIZ
54040604,Viacreme Info And Sales,g0aclas,kelpoTH,yteMATH,kelMAIZ
54343604,Jerry Q. Weddell,lhoytAL,aiglrab,cloMAab,aigMAIZ
54747520,Citi Trends,gcrclab,wellhAL,ytejaAL,weljaer
54949520,Tournaments Hawaii,lclytRI,aigrigh,clomagh,aigmaks
55252101,Bill Wahl Supply,lheytEN,milsi,ytech,milchim
55757156,DFB Sales; Inc,gcrclab,milsiAL,yteMAAL,milMAIZ
55858521,DEANGELO MACHINERY SALES INC,lclyt,aig0as,cloNUas,aigNULL
56969165,Digital-Infiltration,lphytTH,aig0as,cloNUas,aigNULL
57070815,DCC SHOPRIDER,gslcler,miljo,yteMA,milMAIZ
57777143,Nde Quality Systems,g0aclas,welanNA,yteMANA,welMAIZ
58686103,Half Price Pots,lhoytAL,kelclRI,yteMARI,kelMAIZ
58888977,Urban Planet,gcrclab,wellhEN,yteMAEN,welMAIZ
59090604,Matthew Warren,lclytRI,aiglrab,cloMAab,aigMAIZ
60303594,Samco Sales,lheytEN,aigkiab,cloMAab,aigMAIZ
61010101,Northeast Medical Sales,gcrclab,aig0as,cloNUas,aigNULL
61010521,Touch Scientific,lclyt,aig0as,cloNUas,aigNULL
61212520,Troy Baughman,lphytTH,keljaRI,ytejaRI,keljaer
61414132,JS Alternator & Starter Supply; Inc,gslcler,welalNA,yteMANA,welMAIZ
61919160,MyoSpan Sales,g0aclas,kelphRI,yteMARI,kelMAIZ
62222129,Our Town Merchants,lhoytAL,aignioc,cloMAoc,aigMAIZ
62222521,Fatima Siner J R PEPPER SALES,gcrclab,aig0as,cloNUas,aigNULL
63232104,Impact Business Services,lclytRI,welanAL,yteMAAL,welMAIZ
63333112,Muaban.net,lheytEN,milroRA,ytechRA,milchim
63636160,Audio Books For The Elderly,gcrclab,milmaEU,ytechEU,milchim
64545520,Sadler's BBQ Sales; Inc,lclyt,welolAL,yteMAAL,welMAIZ
64747111,Goody's Retail Store,lphytTH,welolAL,yteMAAL,welMAIZ
64747213,Klc Productions,gslcler,aig0as,cloNUas,aigNULL
65151132,Jefcoat Supply,g0aclas,welanAL,yteMAAL,welMAIZ
66363165,PANHANDLER UTENSIL REST SALES; LLC,lhoytAL,welolEN,ytemaEN,welmaks
67676520,Northwest Cyber Sales,gcrclab,kelclRI,ytejaRI,keljaer
67777212,Ragland Sales,lclytRI,aigslab,cloMAab,aigMAIZ
68080959,Burke's Outlet,lheytEN,welalNA,yteMANA,welMAIZ
68181132,K-bee Sales,gcrclab,welbeNA,yteMANA,welMAIZ
68181520,Flair-It Sales,lclyt,milma,ytech,milchim
68484104,INI,lphytTH,welchAL,ytejaAL,weljaer
68484165,Randall N. Gooding,gslcler,aigrigh,cloMAgh,aigMAIZ
68888108,BEST SUPPLY CO.,g0aclas,aig0as,cloNUas,aigNULL
68989111,Lunchbox Recordings,lhoytAL,miljoRA,yteMARA,milMAIZ
69191521,Gencor Industries; Inc,gcrclab,aig0as,cloNUas,aigNULL
69393112,Cinnamon Windmill,lclytRI,welchAL,ytejaAL,weljaer
69494184,JIT Supply Company,lheytEN,kelmiRI,yteMARI,kelMAIZ
69797108,Sooner Oilfield Supply,gcrclab,milroRA,yteMARA,milMAIZ
69797521,Penny Lighting Sales,lclyt,aig0as,cloNUas,aigNULL
69898614,American National Transporters,lphytTH,miljoRA,yteMARA,milMAIZ
69999604,ALECCI; GEORGE,gslcler,aigkiab,cloMAab,aigMAIZ
70202603,Ultra Peripherals; Inc,g0aclas,milsi,ytech,milchim
70404109,Ronald F. Antinora Agency,lhoytAL,aigrigh,clomagh,aigmaks
70909129,Flowers Healing Llp,gcrclab,welolAL,yteMAAL,welMAIZ
70909614,Samiyyah Harvey,lclytRI,aigkier,cloMAer,aigMAIZ
71111522,Alaska-Ads.com,lheytEN,aigkiab,cloMAab,aigMAIZ
71414953,Southwest Adjusting Supply,gcrclab,milroEU,ytechEU,milchim
71515614,Mike Stegen Sales,lclyt,welalNA,yteMANA,welMAIZ
72020165,Artisan Engraving Supply,lphytTH,wellhAL,yteMAAL,welMAIZ
72424520,Cheap Sales Mall,gslcler,wellhAL,yteMAAL,welMAIZ
72626521,Joyce Guyett,g0aclas,wellh,yteja,weljaer
72727797,HUBER; ARTHUR,lhoytAL,welbeNA,yteMANA,welMAIZ
72828522,NAPIER; CHRISTINE,gcrclab,milma,ytech,milchim
73737106,US DATA SEARCH,lclytRI,kelpoRI,yteMARI,kelMAIZ
74242614,Mikron Instruments Co. Inc,lheytEN,kelmiRI,yteMARI,kelMAIZ
74848132,Discount Package Supply,gcrclab,milsiAL,ytechAL,milchim
75252132,Reed's Tractor Sales & Service,lclyt,miljoRA,yteMARA,milMAIZ
75858109,Code Enforcement Officials Of So Il,lphytTH,aignioc,clomaoc,aigmaks
76161172,Phoenix Systems,gslcler,aigkiab,cloMAab,aigMAIZ
76161797,Christoph Schlaefli,g0aclas,aigbrer,cloMAer,aigMAIZ
76363102,Instrumentation Sales Inc,lhoytAL,aig0as,cloNUas,aigNULL
76969156,Fred's Store,gcrclab,kelphRI,yteMARI,kelMAIZ
78484119,HARIMTEPATHIP; NIMITR,lclytRI,milroRA,yteMARA,milMAIZ
78787111,Michael Letzig,lheytEN,welanEN,ytemaEN,welmaks
78989797,Empire Scale Corp,gcrclab,welal,yteMA,welMAIZ
79090106,PoliceFlashlights.com,lclyt,aigsler,cloMAer,aigMAIZ
79292522,Memory Sales,lphytTH,miljmEU,ytechEU,milchim
79292960,Los Angelinos,gslcler,welolAL,yteMAAL,welMAIZ
79797604,Terra Taylor,g0aclas,keljaRI,ytejaRI,keljaer
80303521,MONIDAN SYSTEMS; INC,lhoytAL,aiglrab,cloMAab,aigMAIZ
80404108,Plastic Fantasics,gcrclab,aig0as,cloNUas,aigNULL
80707184,Discount Silks,lclytRI,miljoEU,ytechEU,milchim
80808594,STANDARDGENERAL SUPPLY,lheytEN,aig0as,cloNUas,aigNULL
80808963,Metrocom Enterprises; Inc,gcrclab,miljoRA,yteMARA,milMAIZ
81010132,Paul T Peterson,lclyt,kelphTH,ytejaTH,keljaer
81212521,Beejays Mkt & Sales,lphytTH,keltaRI,yteMARI,kelMAIZ
81414521,SOURCE ONE SUPPLY; INC,gslcler,welalNA,yteMANA,welMAIZ
82121111,SUPPLY CHAIN SERVICES; LLC,g0aclas,aiglrab,cloMAab,aigMAIZ
82121160,Heartland Homebrew Supply,lhoytAL,welloNA,yteMANA,welMAIZ
82222183,Fernando Bacungan,gcrclab,aigbrer,cloMAer,aigMAIZ
82525143,A1A DJ - Guy A1A DJ Warehouse,lclytRI,kelcl,yteja,keljaer
82525594,1 US-Itek.com,lheytEN,aig0as,cloNUas,aigNULL
82727171,Midwest Scissor Supply,gcrclab,welanNA,yteMANA,welMAIZ
82828155,T B Sales,lclyt,miljoRA,yteMARA,milMAIZ
83030594,National Center For Advanced Sales,lphytTH,aig0as,cloNUas,aigNULL
83232144,Rochester Sales,gslcler,aigbrer,cloMAer,aigMAIZ
83737153,Discount Supply; Inc,g0aclas,aig0as,cloNUas,aigNULL
83838111,Sharon Reynolds,lhoytAL,wellhAL,yteMAAL,welMAIZ
83939132,SAS Sales,gcrclab,aigkiab,cloMAab,aigMAIZ
84343952,Inttra Inc.,lclytRI,miljoEU,ytechEU,milchim
84545141,XTERRACOM,lheytEN,aiglrer,cloMAer,aigMAIZ
84646844,Fair Sales Consultants,gcrclab,welolNA,yteMANA,welMAIZ
84848124,Gail G. Sellers,lclyt,aigsler,cloMAer,aigMAIZ
84949133,Blueberry Inn,lphytTH,milroRA,ytechRA,milchim
85050132,Novartis A.g,gslcler,welchEN,yteMAEN,welMAIZ
85050594,Northen Lights Ministries,g0aclas,aig0as,cloNUas,aigNULL
86060129,Tricasters,lhoytAL,kelphRI,yteMARI,kelMAIZ
86565106,B&e Air-Conditioning,gcrclab,welloAL,yteMAAL,welMAIZ
86565151,0waitwebhost.com,lclytRI,wellhAL,yteMAAL,welMAIZ
86666127,A & I Supply,lheytEN,milroRA,yteMARA,milMAIZ
86767603,Williams Sales Company,gcrclab,aigsler,cloMAer,aigMAIZ
87373132,Store,lclyt,welbeNA,ytemaNA,welmaks
88989184,LOWENTHAL; LARRY,lphytTH,aig0as,cloNUas,aigNULL
89292520,LB International Sales Corp.; V. I,gslcler,aig0as,cloNUas,aigNULL
89393970,Good God,g0aclas,aigolto,clomato,aigmaks
89393974,Rainbow Sales; Inc.,lhoytAL,welanNA,yteMANA,welMAIZ
90404604,Home Of Economy Inc,gcrclab,welheEN,yteMAEN,welMAIZ
91111603,Jonard Industries Corp,lclytRI,aig0as,clomaas,aigmaks
91313118,Milwaukee Action Gaming Supply; LLC,lheytEN,miljmRA,yteMARA,milMAIZ
91616106,Jim Burt DBA Sales Cnsltants Of Stamford,gcrclab,welanEN,yteMAEN,welMAIZ
92323523,Pyramex Pc,lclyt,aigsler,cloMAer,aigMAIZ
93030881,Evieta Suryawan,lphytTH,milhoAL,yteMAAL,milMAIZ
93030968,Towne Brokers Inc,gslcler,milroRA,yteMARA,milMAIZ
93131603,David Graham,g0aclas,aig0as,cloNUas,aigNULL
93636603,HSH Sales,lhoytAL,aig0as,cloNUas,aigNULL
93939108,Courtney Echols And Asso.,gcrclab,milhoAL,yteMAAL,milMAIZ
93939111,DTI Services,lclytRI,aigrioc,clomaoc,aigmaks
93939523,Solaronics; Inc.,lheytEN,aiglrab,cloMAab,aigMAIZ
94040152,World Market,gcrclab,aigcrER,cloMAER,aigMAIZ
94343523,Lowry Supply,lclyt,aigbrer,cloMAer,aigMAIZ
94444521,Theriddaz,lphytTH,aig0as,cloNUas,aigNULL
94545124,Hummer - Lynch HUMMER,gslcler,kelpoTH,yteMATH,kelMAIZ
94949603,Unit Sales,g0aclas,aig0as,cloNUas,aigNULL
95353119,Harmon Distributing,lhoytAL,milsiEU,ytechEU,milchim
95555108,Martin Supply Co,gcrclab,aig0as,cloNUas,aigNULL
95656127,MEANSTANG SUPPLY,lclytRI,aigbrer,cloMAer,aigMAIZ
96464132,Landtcrafts,lheytEN,aiglrab,cloMAab,aigMAIZ
96565604,Bob Medeiros,gcrclab,welloAL,yteMAAL,welMAIZ
97171523,Reuben Landsberg Sons,lclyt,welol,yteja,weljaer
97474133,WNV Sales; Inc,lphytTH,welloEN,yteMAEN,welMAIZ
97575124,Leslie Jensen,gslcler,miljoEU,yteMAEU,milMAIZ
97575523,Local Ride,g0aclas,aigbrer,cloMAer,aigMAIZ
97878594,Elizabeth Murphy; Counselor,lhoytAL,miljmEU,ytechEU,milchim
97979881,Ameritex Supply Ltd,gcrclab,aigcrab,cloMAab,aigMAIZ
98080522,DPM MEDICAL SALES INC,lclytRI,aigrigh,clomagh,aigmaks
98585975,Maverick Transportation Inc,lheytEN,welalNA,yteMANA,welMAIZ
98787957,Fox Supply Company; Inc,gcrclab,welloAL,yteMAAL,welMAIZ
98888105,Sales Mastery; Inc.,lclyt,aig0as,cloNUas,aigNULL
98989211,Dale Kubin,lphytTH,aigsler,cloMAer,aigMAIZ
99191119,Glen Blanc Associates Inc,gslcler,aigoler,cloMAer,aigMAIZ
99393521,Vijai Singh,g0aclas,aigslab,cloMAab,aigMAIZ
99494881,NICHOLSON; WILLIAM,lhoytAL,aigcrab,cloMAab,aigMAIZ
99696209,Chandler Supply Company; Inc,gcrclab,aigbrer,cloMAer,aigMAIZ
99696211,Crosstech,lclytRI,welol,yteja,weljaer
