AccountNo,Store,Industry,Vertical,Segment,Store Manager Alias,Potential Account,Vertical Manager Alias
51717109,Land Rover Westchester; LLC,Consumer Goods,Food and Beverage,SMC Comm,LLIANOSU,No,ETHNEOSU
517171097,Sexual Enhancers,National Government,Public Administration,Priority PS,TERLEFRA,Yes,TERNEFRA
44646101,Gary Gillespie,National Government,Resources and Environment,Priority PS,NTHPHGRA,Yes,ANTSAGRA
55252101,Bill Wahl Supply,Consumer Goods,Wholesale Distribution,Strategic,NERCRMIL,Yes,ULLNUMIL
61010101,Northeast Medical Sales,Higher Education,Higher Education,Priority PS,TONJUWAL,Yes,HILSAWAL
76363102,Instrumentation Sales Inc,Higher Education,Higher Education,Priority PS,TONJUWAL,Yes,HILSAWAL
63232104,Impact Business Services,Energy,Electricity and Gas Services,Priority Commercial,KERANCOK,Yes,DVARLCOK
68484104,INI,Energy,Electricity and Gas Services,Priority Commercial,YLEJEBOY,Yes,DVARLBOY
98585105,North Americna Saxophone Alliance,Libraries and Museums,Libraries and Museums,Priority PS,OMFJOBLO,Yes,HILSABLO
98888105,Sales Mastery; Inc.,Higher Education,Higher Education,Priority PS,OMFJOBLO,Yes,HILSABLO
909106,Rayco Supply Inc,Smart Spaces,Architecture and Engineering,SMC Comm,RANJOMOR,No,REIMAMOR
1515106,Standard Die Supply; Inc,Travel and Transportation,Transport Services,SMB,MESLJAME,No,REIMAAME
2020106,PnK Sales,Entertainment and Media,Broadcasters,Priority Commercial,ERBROOTT,Yes,IESDAOTT
26565108,B Phillips,Chemicals,Chemicals,Priority Commercial,TONCABOL,Yes,INGRKBOL
68888108,BEST SUPPLY CO.,Higher Education,Higher Education,Priority PS,GALBHBHA,Yes,HILSABHA
69797108,Sooner Oilfield Supply,Retailers,Specialty Retail,Priority Commercial,NEDUNDEF,Yes,ENNPADEF
80404108,Plastic Fantasics,Higher Education,Higher Education,Priority PS,GALBHBHA,Yes,HILSABHA
95555108,Martin Supply Co,Higher Education,Higher Education,Priority PS,TONJUWAL,Yes,HILSAWAL
50303109,Luvy Duvy Corporation,Local Government,Public Safety,Priority PS,SONROGIB,Yes,NNAJEGIB
70404109,Ronald F. Antinora Agency,National Government,Tax and Revenue,Public Sector,TMOSTUAR,Yes,RABLAUAR
75858109,Code Enforcement Officials Of So Il,Local Government,Public Safety,Priority PS,RDAMIRIO,Yes,NNAJERIO
36565111,J.j. Davidian,Professional Services,Accounting and Consulting,Priority PS,INCDAPRI,Yes,INDROPRI
82121111,SUPPLY CHAIN SERVICES; LLC,National Government,Public Administration,Priority PS,ASGTHOMA,Yes,TERNEOMA
82424111,Daniels; Jim,Higher Education,Higher Education,SMC Education,SHECLWAL,No,REIMAWAL
505112,ALL Sales,Entertainment and Media,Publishing,SMC Comm,NEDUNDEF,No,ULLNUDEF
24848112,McKenzie Law Offices,Travel and Transportation,Accommodation,SMC Comm,NCHPALYN,No,ETHNELYN
82222183,Fernando Bacungan,National Government,Public Administration,Priority PS,NTHPHGRA,Yes,ANTSAGRA
17575184,Tech Sales Co.,Higher Education,Higher Education,SMC Education,SHECLWAL,No,REIMAWAL
18080184,Tritek Sales,National Government,Resources and Environment,Priority PS,ASGTHOMA,Yes,TERNEOMA
22626184,Dix Barber Supply,Banking,Banking,Strategic,NEDUNDEF,Yes,ULLNUDEF
36060184,A T Pettengill Wordworking Company,Smart Spaces,Architecture and Engineering,SMC Comm,ROWJACBR,No,REIMACBR
39898184,Advanced Material Handling; Inc,Local Government,Public Safety,Priority PS,RDAMIRIO,Yes,NNAJERIO
42828184,LONTOS SALES MOTIVATION; INC.,National Government,Public Administration,SMB,NEDUNDEF,No,ULLNUDEF
46363184,Ronald Croudy,National Government,Public Administration,SMB,HAWGASHA,No,REIMASHA
69494184,JIT Supply Company,Banking,Capital Markets/Securities,Priority Commercial,ATTKASPR,Yes,WANJUSPR
70303184,Turner Furniture,National Government,Public Administration,SMB,NEDUNDEF,No,ULLNUDEF
80707184,Discount Silks,National Government,Public Works and Services,Priority Commercial,ILLEDUNH,Yes,ERSDSUNH
82929184,Apogee Consulting Group,Health,Health Provider,SMB,MESLJAME,No,REIMAAME
88383184,Bargain Outlet,Nonprofit,Membership Organizations,Priority Commercial,HERMITOG,Yes,TOCMATOG
88989184,LOWENTHAL; LARRY,Higher Education,Higher Education,Priority PS,GALBHBHA,Yes,HILSABHA
72828185,Comins Guitars,Health,Health Provider,SMC Education,AHADAMON,No,TCHBRMON
82424185,Kepree International,Retailers,Specialty Retail,SMC Comm,RELPAMOR,No,ETHNEMOR
99696209,Chandler Supply Company; Inc,National Government,Public Administration,Priority PS,NTHPHGRA,Yes,ANTSAGRA
9797210,Matlockandfriends,National Government,Public Administration,Priority PS,LONNIDIL,Yes,INDRODIL
97575210,Dustin Smith,Banking,Banking,Strategic,NEDUNDEF,Yes,ULLNUDEF
98989211,Dale Kubin,National Government,Public Administration,Priority PS,INCDAPRI,Yes,INDROPRI
99696211,Crosstech,Energy,Mining,Strategic,ROWCABRO,Yes,ULLNUBRO
29595212,Gina Maloney,Higher Education,Higher Education,Priority PS,GALBHBHA,Yes,HILSABHA
30404212,Riccio's Sport Ser & Supply,Smart Spaces,Construction,Priority Commercial,NNECAGWY,Yes,MSTADGWY
36565212,Bruckner Supply Inc,Local Government,Public Safety,Priority PS,SONROGIB,Yes,NNAJEGIB
61919212,Randy Reddick Sales,Primary Education,Primary Education,SMC Education,NEDUNDEF,No,ULLNUDEF
67777212,Ragland Sales,National Government,Public Administration,Priority PS,LONNIDIL,Yes,INDRODIL
72121212,Narens Associates; Inc,Higher Education,Higher Education,SMB,HAWGASHA,No,REIMASHA
12020213,Ship Supply Of Florida; Inc.,Higher Education,Higher Education,SMC Education,SHECLWAL,No,REIMAWAL
19292213,Philomath Supply,Banking,Banking,Strategic,NEDUNDEF,Yes,ULLNUDEF
43939213,Pages By Porp,Local Government,Public Safety,SMB,IENCABRI,No,ETHNEBRI
44141213,Coast Coast Shutter Supply; LLC,Higher Education,Higher Education,SMC Education,SHECLWAL,No,REIMAWAL
64747213,Klc Productions,Higher Education,Higher Education,Priority PS,OMFJOBLO,Yes,HILSABLO
7676214,R. J. Sales Inc,Primary Education,Primary Education,SMC Education,TANSWINS,No,ETHNEINS
18888214,VirtualEdge Corporation,Banking,Banking,Priority Commercial,DERVIRYD,Yes,EBAWARYD
20505214,Tk Sales,Libraries and Museums,Libraries and Museums,SMC Education,OHAALHOL,No,REIMAHOL
21111214,Etta Publishing Company,National Government,Public Administration,SMB,NEDUNDEF,No,ULLNUDEF
24646333,Maimonides University,Nonprofit,Membership Organizations,SMB,IENCABRI,No,ETHNEBRI
32424389,C.D. Wrede Sales,Manufacturing,High Tech and Electronics,Strategic,NEDUNDEF,Yes,ULLNUDEF
74646392,Scott Schlesinger,Consumer Goods,Wholesale Distribution,SMC Comm,REYJICAR,No,REIMACAR
75252392,Neal Hampton,Higher Education,Higher Education,SMC Education,SHECLWAL,No,REIMAWAL
17171394,Southern States Inc,Manufacturing,High Tech and Electronics,SMC Comm,NEYDAGAR,No,ETHNEGAR
23737520,Empire Machinery & Supply Corporation,Professional Services,Legal Services,Priority Commercial,ONNSADID,Yes,TOCMADID
30303520,Iacampo Vincent Stone Mason,Insurance,Insurance Other,Priority Commercial,YLOSTTAY,Yes,ETZLETAY
40303520,ATM,Professional Services,IT Services,Priority Commercial,EVECHSTE,Yes,MSTADSTE
41313520,Rajesh,Telecommunications,Service Providers,Strategic,PHERISTE,Yes,ULLNUSTE
41414520,McDonald Supply,National Government,Public Administration,SMB,MESLJAME,No,REIMAAME
42424520,Steven W. Streich,Smart Spaces,Architecture and Engineering,Priority Commercial,OOKSACOO,Yes,MSTADCOO
47979520,The Diamond Group,Insurance,Insurance Direct,Priority Commercial,ARATHEAZ,Yes,ETZLEEAZ
54747520,Citi Trends,Energy,Electricity and Gas Services,Priority Commercial,WENHAOWE,Yes,DVARLOWE
54949520,Tournaments Hawaii,National Government,Public Administration,Priority PS,ATTRIMAT,Yes,IROJEMAT
60000520,WWWBIZ Company,Energy,Mining,SMC Comm,NEDUNDEF,No,ULLNUDEF
61212520,Troy Baughman,Banking,Banking,Priority Commercial,HAMHGRIN,Yes,EBAWARIN
64242520,Webb Sales; Inc,Retailers,Specialty Retail,Priority Commercial,MASHITHO,Yes,ENNPATHO
64545520,Sadler's BBQ Sales; Inc,Manufacturing,Automotive,Priority Commercial,HIGSOPHI,Yes,INGRKPHI
67676520,Northwest Cyber Sales,Insurance,Insurance Direct,Priority Commercial,LDENICOL,Yes,ETZLECOL
68181520,Flair-It Sales,Telecommunications,Service Providers,Strategic,RESSTAYR,Yes,IESDAAYR
71616520,Online Apparel,Banking,Capital Markets/Securities,Strategic,NEDUNDEF,Yes,ULLNUDEF
72424520,Cheap Sales Mall,Energy,Electricity and Gas Services,Priority Commercial,WENHAOWE,Yes,DVARLOWE
75959520,Ew Technologies,Consumer Goods,Consumer Goods,SMC Comm,NEDUNDEF,No,ULLNUDEF
89292520,LB International Sales Corp.; V. I,Higher Education,Higher Education,Priority PS,GALBHBHA,Yes,HILSABHA
12727521,In Touch Sales Associates,National Government,Government Social Programs,Public Sector,IESMIDAV,Yes,RABLADAV
12929521,Surgident Instrument; Corp,Banking,Banking,Strategic,KINJAWIC,Yes,EBAWAWIC
17474521,Walton's Cue Sales,National Government,Public Administration,Priority PS,IMUMIMU,Yes,ANTSAMU
17676521,Associated Supply Co,Professional Services,Accounting and Consulting,Priority PS,TERLEFRA,Yes,TERNEFRA
24242521,Dow Corning,Professional Services,Outsourced Services,SMC Comm,NEDUNDEF,No,ULLNUDEF
25555521,Poe McDougal Ins,Banking,Banking,Strategic,OODMIWOO,Yes,EBAWAWOO
27777521,Paul Veatch,Higher Education,Higher Education,SMC Education,SHECLWAL,No,REIMAWAL
30606521,Dragonstar Crafts,Higher Education,Higher Education,SMC Education,SHECLWAL,No,REIMAWAL
32121521,All Trades Supply; Inc.,National Government,Resources and Environment,Priority PS,ETOJERET,Yes,INDRORET
33030521,Chandler Supply Company; Inc,Higher Education,Higher Education,Priority PS,TONJUWAL,Yes,HILSAWAL
37878521,Inagakis.com,Nonprofit,Charities and Philanthropic,SMC Education,LYOKELLY,No,TCHBRLLY
38282521,Coupling Nut Supply,National Government,Public Administration,Priority PS,NTHPHGRA,Yes,ANTSAGRA
40505521,Office Supply Solutions,Higher Education,Higher Education,Priority PS,TONJUWAL,Yes,HILSAWAL
46363521,Draperyonline.com Inc,Higher Education,Higher Education,Priority PS,OMFJOBLO,Yes,HILSABLO
46464521,GARY ALDRIDGE AND ASSOCIATES,Higher Education,Higher Education,SMC Education,SHECLWAL,No,REIMAWAL
46868521,Superior Displays; LLC,Higher Education,Higher Education,SMC Education,SHECLWAL,No,REIMAWAL
47070521,Reece & Nichols Leawood South,Higher Education,Higher Education,Priority PS,GALBHBHA,Yes,HILSABHA
47272521,Central Avenue Autoparts,Higher Education,Higher Education,SMC Education,SHECLWAL,No,REIMAWAL
47373521,New Hampshire Business Sales,Higher Education,Higher Education,Priority PS,GALBHBHA,Yes,HILSABHA
48181521,Jo Milliken,Higher Education,Higher Education,SMC Education,SHECLWAL,No,REIMAWAL
48787521,Select Sales,Higher Education,Higher Education,SMC Education,SHECLWAL,No,REIMAWAL
48989521,Perster,Higher Education,Higher Education,SMC Education,SHECLWAL,No,REIMAWAL
49696521,Dupre Supply,Higher Education,Higher Education,Priority PS,TONJUWAL,Yes,HILSAWAL
49797521,Russell Morgan,Higher Education,Higher Education,Priority PS,TONJUWAL,Yes,HILSAWAL
50303521,Hustontown,Higher Education,Higher Education,SMC Education,SHECLWAL,No,REIMAWAL
51515521,B&G Sales And Service; Inc,Primary Education,Primary Education,Priority PS,GALBHBHA,Yes,HILSABHA
51717521,Bassett Office Supply LLC,Primary Education,Primary Education,SMC Education,TANSWINS,No,ETHNEINS
52121521,ADAMS; THOMAS,Higher Education,Higher Education,Priority PS,TONJUWAL,Yes,HILSAWAL
52525521,City Of Palm Bay,Higher Education,Higher Education,SMC Education,TANSWINS,No,ETHNEINS
52626521,LAMB Sales,Higher Education,Higher Education,SMC Education,SHECLWAL,No,REIMAWAL
53333521,Rogers Department Store,Higher Education,Higher Education,SMC Education,SHECLWAL,No,REIMAWAL
53434521,Boone & Boones Sales,Primary Education,Primary Education,SMC Education,TANSWINS,No,ETHNEINS
53535521,Automationwiz.com,Higher Education,Higher Education,SMC Education,TANSWINS,No,ETHNEINS
54141521,SWEET SUPPLY INC.,Primary Education,Primary Education,SMC Education,NEDUNDEF,No,ULLNUDEF
55656521,Western States Sales,Primary Education,Primary Education,SMC Education,TANSWINS,No,ETHNEINS
55858521,DEANGELO MACHINERY SALES INC,Higher Education,Higher Education,Priority PS,GALBHBHA,Yes,HILSABHA
56060521,B-Line Filter & Supply; Inc,Higher Education,Higher Education,SMC Education,SHECLWAL,No,REIMAWAL
61010521,Touch Scientific,Higher Education,Higher Education,Priority PS,TONJUWAL,Yes,HILSAWAL
62222521,Fatima Siner J R PEPPER SALES,Higher Education,Higher Education,Priority PS,OMFJOBLO,Yes,HILSABLO
66363521,Rodbar Corporation - Waitus Bordeaux; (WBF69,Primary Education,Primary Education,SMC Education,OHAALHOL,No,REIMAHOL
66767521,Jeff Blackwell,Travel and Transportation,Logistics and Trucking,Strategic,NEDUNDEF,Yes,ULLNUDEF
69191521,Gencor Industries; Inc,Higher Education,Higher Education,Priority PS,OMFJOBLO,Yes,HILSABLO
69797521,Penny Lighting Sales,Higher Education,Higher Education,Priority PS,GALBHBHA,Yes,HILSABHA
72626521,Joyce Guyett,Energy,Electricity and Gas Services,Priority Commercial,WENHAOWE,Yes,DVARLOWE
76565521,The National Black Programmers Coalition,Higher Education,Higher Education,SMC Education,SHECLWAL,No,REIMAWAL
76969521,Pete Weseloh,Primary Education,Primary Education,SMC Education,OHAALHOL,No,REIMAHOL
80303521,MONIDAN SYSTEMS; INC,National Government,Resources and Environment,Priority PS,ASGTHOMA,Yes,TERNEOMA
81212521,Beejays Mkt & Sales,Banking,Banking,Priority Commercial,XANSHALE,Yes,WANJUALE
81414521,SOURCE ONE SUPPLY; INC,Professional Services,Legal Services,Priority Commercial,MBTKAGRU,Yes,TOCMAGRU
94444521,Theriddaz,Higher Education,Higher Education,Priority PS,TONJUWAL,Yes,HILSAWAL
99393521,Vijai Singh,National Government,Public Administration,Priority PS,LONNIDIL,Yes,INDRODIL
8686522,Brockway-Smith Co.,Health,Health Payor,Public Sector,NEDUNDEF,Yes,LSOMIDEF
11313522,Hooker Handling Systems; Inc,Chemicals,Chemicals,SMC Comm,NCHPALYN,No,ETHNELYN
16262522,Webtrendz,National Government,Public Administration,SMB,MESLJAME,No,REIMAAME
19292522,BICK DATA MANAGEMENT SYSTEMS; INC,Pharmaceuticals,Pharmaceuticals,Strategic,LIEDACOL,Yes,DVARLCOL
23535522,Bri-Ley Sales Company; Inc,National Government,Public Administration,SMB,NEDUNDEF,No,ULLNUDEF
23636522,Agrico Sales,National Government,Public Administration,Priority PS,IMUMIMU,Yes,ANTSAMU
30707522,Reliance Supply,Entertainment and Media,Publishing,Priority Commercial,LERCHPED,Yes,IESDAPED
30909522,Riteco Supply; Inc,Primary Education,Primary Education,SMC Education,TANSWINS,No,ETHNEINS
34949522,NG SALES,National Government,Public Administration,Priority PS,TERLEFRA,Yes,TERNEFRA
35757522,Fixitforless.com,Nonprofit,Charities and Philanthropic,SMC Education,AHADAMON,No,TCHBRMON
48787522,Jim Studenic,Primary Education,Primary Education,SMC Education,OHAALHOL,No,REIMAHOL
61717522,McCamley; Margaret,Higher Education,Higher Education,SMC Education,SHECLWAL,No,REIMAWAL
71111522,Alaska-Ads.com,National Government,Resources and Environment,Priority PS,IMUMIMU,Yes,ANTSAMU
72727522,Turk; James,Banking,Banking,SMC Comm,NEDUNDEF,No,ULLNUDEF
72828522,NAPIER; CHRISTINE,Entertainment and Media,Advertising,Strategic,MESAHOLM,Yes,ULLNUOLM
77979522,Pacific Holidays; Inc.,National Government,Public Administration,SMB,NEDUNDEF,No,ULLNUDEF
79292522,Memory Sales,Consumer Goods,Consumer Goods,Strategic,NEDUNDEF,Yes,INGADDEF
80404522,Sugar Hill Gang,Energy,Mining,Strategic,NEDUNDEF,Yes,ULLNUDEF
83131522,Technology Distribution Network,National Government,Public Administration,SMB,IENCABRI,No,ETHNEBRI
97575522,IDA Home Sales,Higher Education,Higher Education,SMC Education,SHECLWAL,No,REIMAWAL
98080522,DPM MEDICAL SALES INC,National Government,Resources and Environment,Public Sector,LANFNOLA,Yes,RABLAOLA
3535523,Virtual Services C.A,Banking,Capital Markets/Securities,Strategic,NEDUNDEF,Yes,ULLNUDEF
81111523,American Canadian Sales,National Government,Justice,SMB,IENCABRI,No,ETHNEBRI
92323523,Pyramex Pc,National Government,Public Administration,Priority PS,OHNHEJOH,Yes,INDROJOH
92424523,Allied Mineral Products,Banking,Capital Markets/Securities,Strategic,NEDUNDEF,Yes,ULLNUDEF
93333523,Calm And Comfort Sales,Banking,Capital Markets/Securities,Strategic,NEDUNDEF,Yes,ULLNUDEF
93434523,Midwest Technical Sales & Service,Energy,Electricity and Gas Services,SMC Comm,LSHNIWAL,No,ETHNEWAL
93737523,Camloh Machine Sales,Entertainment and Media,Broadcasters,Strategic,NEDUNDEF,Yes,ULLNUDEF
93939523,Solaronics; Inc.,National Government,Public Administration,Priority PS,ASGTHOMA,Yes,TERNEOMA
94343523,Lowry Supply,National Government,Public Administration,Priority PS,NTHPHGRA,Yes,ANTSAGRA
97171523,Reuben Landsberg Sons,Manufacturing,Automotive,Strategic,KERGWALK,Yes,INGRKALK
97272523,American Uniform Sales; Inc.,National Government,Public Administration,SMB,HAWGASHA,No,REIMASHA
97575523,Local Ride,National Government,Public Administration,Priority PS,NTHPHGRA,Yes,ANTSAGRA
8383524,Vinson Supply,Insurance,Insurance Direct,Strategic,FOXPIPFO,Yes,ETZLEPFO
24343524,Simone Barnes,National Government,Public Administration,Priority PS,NTHPHGRA,Yes,ANTSAGRA
32929524,Www.trimstore.net,National Government,Public Administration,Priority PS,IMUMIMU,Yes,ANTSAMU
39393524,Relco Sales Co,Banking,Banking,Strategic,NEDUNDEF,Yes,ULLNUDEF
39797524,Affordable Drug Testing Solutions,Banking,Capital Markets/Securities,Strategic,NEDUNDEF,Yes,ULLNUDEF
40909594,Oem Parts Sales,Primary Education,Primary Education,SMC Education,TANSWINS,No,ETHNEINS
41818594,STOP ON YELLOW.COM; PREPARE TO,Primary Education,Primary Education,SMC Education,TANSWINS,No,ETHNEINS
42222594,Thaitare.com,Primary Education,Primary Education,SMC Education,OHAALHOL,No,REIMAHOL
46363594,Hamilton Volkswagen,Primary Education,Primary Education,SMC Education,TANSWINS,No,ETHNEINS
53838594,Schuttes Lamp Supply,National Government,Public Administration,SMB,NAGKRFLA,No,REIMAFLA
60303594,Samco Sales,National Government,Resources and Environment,Priority PS,HELANBUS,Yes,ANTSABUS
80808594,STANDARDGENERAL SUPPLY,Higher Education,Higher Education,Priority PS,GALBHBHA,Yes,HILSABHA
82525594,1 US-Itek.com,Higher Education,Higher Education,Priority PS,GALBHBHA,Yes,HILSABHA
82626594,One World Products Company,Higher Education,Higher Education,SMC Education,TANSWINS,No,ETHNEINS
83030594,National Center For Advanced Sales,Higher Education,Higher Education,Priority PS,TONJUWAL,Yes,HILSAWAL
83434594,Fibertex Supply,Primary Education,Primary Education,SMC Education,TANSWINS,No,ETHNEINS
84848594,D & R Sales,Higher Education,Higher Education,SMC Education,SHECLWAL,No,REIMAWAL
85050594,Northen Lights Ministries,Higher Education,Higher Education,Priority PS,OMFJOBLO,Yes,HILSABLO
89393594,SALESAT PATTYCAPES.COM,Higher Education,Higher Education,SMC Education,SHECLWAL,No,REIMAWAL
90101594,Carroll,Primary Education,Primary Education,SMC Education,OHAALHOL,No,REIMAHOL
91818594,Henry A. Petter Supply Co,Higher Education,Higher Education,SMC Education,SHECLWAL,No,REIMAWAL
94242594,Mike Scanlon,Manufacturing,Automotive,Strategic,NEDUNDEF,Yes,ULLNUDEF
94646594,Virtual City Guide,Higher Education,Higher Education,SMC Education,SHECLWAL,No,REIMAWAL
97878594,Elizabeth Murphy; Counselor,Retailers,General Merchandise,Strategic,NCESAPRI,Yes,INGADPRI
70202603,Ultra Peripherals; Inc,Retailers,General Merchandise,Priority Commercial,OLMRMALC,Yes,INGADALC
86767603,Williams Sales Company,National Government,Public Administration,Priority PS,INCDAPRI,Yes,INDROPRI
90404603,JOHN PROVOST ENTERPRISES,Higher Education,Higher Education,SMC Education,SHECLWAL,No,REIMAWAL
91010603,Tom Roe Wholesale Supply,Higher Education,Higher Education,SMC Education,SHECLWAL,No,REIMAWAL
91111603,Jonard Industries Corp,Higher Education,Higher Education,Priority PS,OMFJOBLO,Yes,HILSABLO
92626603,First Technology Sales; Inc,Higher Education,Higher Education,SMC Education,TANSWINS,No,ETHNEINS
92929603,The Upholstery Supply Co.,Higher Education,Higher Education,SMC Education,OHAALHOL,No,REIMAHOL
93131603,David Graham,Higher Education,Higher Education,Priority PS,OMFJOBLO,Yes,HILSABLO
93636603,HSH Sales,Primary Education,Primary Education,Priority PS,TONJUWAL,Yes,HILSAWAL
93737603,Quality Sales Company,Primary Education,Primary Education,SMC Education,TANSWINS,No,ETHNEINS
94545603,Shrock Trucking,Higher Education,Higher Education,SMC Education,SHECLWAL,No,REIMAWAL
94949603,Unit Sales,Higher Education,Higher Education,Priority PS,OMFJOBLO,Yes,HILSABLO
98484603,Suburban Sales Rental Center,Higher Education,Higher Education,SMC Education,SHECLWAL,No,REIMAWAL
99090603,Guotao Luan,Higher Education,Higher Education,SMC Education,TANSWINS,No,ETHNEINS
99292603,Team Pro-Motion,Nonprofit,Membership Organizations,SMC Education,AHADAMON,No,TCHBRMON
6262604,Revenco Press Corporation,Higher Education,Higher Education,SMC Education,SHECLWAL,No,REIMAWAL
16262604,Shamrock Supply Co Inc,Nonprofit,Charities and Philanthropic,SMC Education,LYOKELLY,No,TCHBRLLY
16464604,The Shopper,Primary Education,Primary Education,SMC Education,NEDUNDEF,No,ULLNUDEF
18383604,Cinnibar Kennel,Primary Education,Primary Education,SMC Education,TANSWINS,No,ETHNEINS
21313604,SRC SALES INC.,Banking,Capital Markets/Securities,Strategic,NEDUNDEF,Yes,ULLNUDEF
22323604,Avenue Motor Sales,Manufacturing,Automotive,Strategic,NEDUNDEF,Yes,ULLNUDEF
23636604,D.L. & Associates,Higher Education,Higher Education,SMC Education,SHECLWAL,No,REIMAWAL
29393604,Grayson & Assoc Inc,Nonprofit,Charities and Philanthropic,SMC Education,LYOKELLY,No,TCHBRLLY
30404604,Yoav Madar,Primary Education,Primary Education,SMC Education,OHAALHOL,No,REIMAHOL
30606604,Jim Vance,Professional Services,IT Services,Strategic,YONPAKEN,Yes,ULLNUKEN
34242604,Towpal,Primary Education,Primary Education,SMC Education,TANSWINS,No,ETHNEINS
38181604,Off Site Manufacturing Technologies,Energy,Oil and Gas,Strategic,NEDUNDEF,Yes,ULLNUDEF
43838604,Flea Supply,Nonprofit,Charities and Philanthropic,SMC Education,LYOKELLY,No,TCHBRLLY
54040604,Viacreme Info And Sales,Insurance,Insurance Other,Priority Commercial,LESPUMIL,Yes,ETZLEMIL
54343604,Jerry Q. Weddell,National Government,Public Administration,Priority PS,ASGTHOMA,Yes,TERNEOMA
58484604,Motivated Sales Partners,Chemicals,Chemicals,SMC Comm,NEDUNDEF,No,ULLNUDEF
58989604,Jones Lee Supply,Health,Health Provider,SMB,MESLJAME,No,REIMAAME
59090604,Matthew Warren,National Government,Resources and Environment,Priority PS,OOKCABRO,Yes,ULLNUBRO
59393604,Blossoms & Beyond,National Government,Public Administration,SMB,HAWGASHA,No,REIMASHA
67575604,Johanssonclark Real Este,Professional Services,Accounting and Consulting,Strategic,NEDUNDEF,Yes,ULLNUDEF
69999604,ALECCI; GEORGE,National Government,Resources and Environment,Priority PS,HELANBUS,Yes,ANTSABUS
78888604,Start Industries Supply,Nonprofit,Charities and Philanthropic,SMC Education,AHADAMON,No,TCHBRMON
79797604,Terra Taylor,Banking,Capital Markets/Securities,Priority Commercial,REESTGRE,Yes,WANJUGRE
90404604,Home Of Economy Inc,Smart Spaces,Architecture and Engineering,Priority Commercial,STRLUCAS,Yes,MSTADCAS
96565604,Bob Medeiros,Chemicals,Chemicals,Priority Commercial,ELLMEBEL,Yes,INGRKBEL
97575604,William Tome,Retailers,Specialty Retail,Priority Commercial,MASHITHO,Yes,ENNPATHO
6666605,Spence Industrial Supply And Rentals,Primary Education,Primary Education,SMC Education,TANSWINS,No,ETHNEINS
7373605,Marge's Place,Higher Education,Higher Education,SMC Education,SHECLWAL,No,REIMAWAL
8080605,Inttra Corp,Primary Education,Primary Education,SMC Education,NEDUNDEF,No,ULLNUDEF
13737605,Avanti Travel,Banking,Capital Markets/Securities,Strategic,NEDUNDEF,Yes,ULLNUDEF
15858605,Ken Woidill,National Government,Public Administration,Priority PS,IMUMIMU,Yes,ANTSAMU
16060605,Shanpoo E Sales,Primary Education,Primary Education,SMC Education,TANSWINS,No,ETHNEINS
22121605,Beaver Sports,Smart Spaces,Real Estate,SMC Comm,PERROCOO,No,ETHNECOO
26666605,Atlantis Sales,Higher Education,Higher Education,SMC Education,SHECLWAL,No,REIMAWAL
28383605,Chicken Coop By WEEZ,Consumer Goods,Wholesale Distribution,SMC Comm,NEDUNDEF,No,ULLNUDEF
32020605,Oakwood Hospital,National Government,Public Administration,Priority PS,OHNHEJOH,Yes,INDROJOH
69898614,American National Transporters,Travel and Transportation,Accommodation,Priority Commercial,LIEKICOL,Yes,ERSDSCOL
70909614,Samiyyah Harvey,Health,Health Provider,Priority PS,IMUMIMU,Yes,ANTSAMU
71515614,Mike Stegen Sales,Professional Services,Legal Services,Priority Commercial,MBTKAGRU,Yes,TOCMAGRU
72020614,Thomas Miller,Chemicals,Chemicals,SMC Comm,NEDUNDEF,No,ULLNUDEF
72222614,Childrens Museum At Edwardsville,Banking,Capital Markets/Securities,SMC Comm,NEDUNDEF,No,ULLNUDEF
74242614,Mikron Instruments Co. Inc,Banking,Banking,Priority Commercial,HPRRICHP,Yes,EBAWACHP
74646614,Broadcast Supply Worldwide,Pharmaceuticals,Pharmaceuticals,SMC Comm,NCHPALYN,No,ETHNELYN
19797619,Munn Ford Tractor,Insurance,Insurance Direct,SMC Comm,PERROCOO,No,ETHNECOO
19898619,Atlantis International; Inc.,Travel and Transportation,Accommodation,SMC Comm,NINBECRO,No,REIMACRO
21717619,Freedom Sales,Nonprofit,Charities and Philanthropic,SMC Education,AHADAMON,No,TCHBRMON
22222619,Sun Sales Co.,Primary Education,Primary Education,SMC Education,TANSWINS,No,ETHNEINS
22626619,R & J Stationary,Higher Education,Higher Education,Priority PS,GALBHBHA,Yes,HILSABHA
22929619,International Salvage And Estate Sales,Primary Education,Primary Education,SMC Education,NEDUNDEF,No,ULLNUDEF
23232619,Bill Reese,Higher Education,Higher Education,Priority PS,TONJUWAL,Yes,HILSAWAL
23333619,SpringRock Supply LLC,Higher Education,Higher Education,SMC Education,SHECLWAL,No,REIMAWAL
23535619,THOMPSON LOCK AND SUPPLY CORP.,Higher Education,Higher Education,SMC Education,SHECLWAL,No,REIMAWAL
23636619,Laboratory Testing Supply,Higher Education,Higher Education,SMC Education,SHECLWAL,No,REIMAWAL
23737619,Hudson Salvage Ctr,Higher Education,Higher Education,SMC Education,SHECLWAL,No,REIMAWAL
24343619,Thermal Resource Sales Inc,Higher Education,Higher Education,SMC Education,SHECLWAL,No,REIMAWAL
24848619,Middleburg Thread And Sewing Supply,Primary Education,Primary Education,SMC Education,TANSWINS,No,ETHNEINS
24949619,Bohn's Sales And Service,Higher Education,Higher Education,Priority PS,OMFJOBLO,Yes,HILSABLO
26767619,Williams Supply Company; Inc,Higher Education,Higher Education,Priority PS,OMFJOBLO,Yes,HILSABLO
28787619,Transport Associates Of Baltimore; Inc.,National Government,Public Administration,Priority PS,VEYELHOV,Yes,ANTSAHOV
30707619,DINES SALES,National Government,Tax and Revenue,Priority PS,TKIREATK,Yes,IROJEATK
31616619,Marukai,Professional Services,Legal Services,Priority Commercial,MBTKAGRU,Yes,TOCMAGRU
32222619,Son Sales; Inc,Nonprofit,Charities and Philanthropic,SMC Education,AHADAMON,No,TCHBRMON
33636619,Rock Valley Ind Supply,Professional Services,Accounting and Consulting,Priority Commercial,RKGMARKG,Yes,TOCMARKG
35959619,Inavitas,Local Government,Public Safety,Priority PS,YERLAODW,Yes,NNAJEODW
36161619,GILLEN; DANIEL,Health,Health Payor,SMB,HAWGASHA,No,REIMASHA
37272619,Mohr Corporation,Retailers,General Merchandise,Priority Commercial,OLMRMALC,Yes,INGADALC
37878619,Mary Lou Clark,Higher Education,Higher Education,SMC Education,TANSWINS,No,ETHNEINS
38383619,Howlett; Jerry,Health,Health Provider,SMB,MESLJAME,No,REIMAAME
39292619,International Power Solutions Inc,Primary Education,Primary Education,SMC Education,TANSWINS,No,ETHNEINS
47171619,Marcia Wilk Estate Sales,Higher Education,Higher Education,SMC Education,SHECLWAL,No,REIMAWAL
47272619,Kevin T. Manley,Higher Education,Higher Education,SMC Education,SHECLWAL,No,REIMAWAL
50909619,Surplus Supply,Primary Education,Primary Education,SMC Education,NEDUNDEF,No,ULLNUDEF
53535619,Safety And Supply,Higher Education,Higher Education,SMC Education,OHAALHOL,No,REIMAHOL
61818619,Andres-Huemmer Sales; Inc,Manufacturing,High Tech and Electronics,Strategic,NEDUNDEF,Yes,ULLNUDEF
60707797,New Ideas Technologies,Primary Education,Primary Education,SMC Education,NEDUNDEF,No,ULLNUDEF
65656797,Fenwey Medical Sales,Primary Education,Primary Education,SMC Education,NEDUNDEF,No,ULLNUDEF
65858797,Sharon Lanier,Higher Education,Higher Education,SMC Education,TANSWINS,No,ETHNEINS
68080797,Boscov's Inc,Primary Education,Primary Education,SMC Education,TANSWINS,No,ETHNEINS
68181797,ODE Enterprises; Inc,Primary Education,Primary Education,SMC Education,TANSWINS,No,ETHNEINS
70000797,Belkin;Warren,Primary Education,Primary Education,SMC Education,OHAALHOL,No,REIMAHOL
72727797,HUBER; ARTHUR,Professional Services,Data,Priority Commercial,ALLGABAL,Yes,TOCMABAL
74141797,Championshipbelts.com; Inc,Insurance,Insurance Direct,SMC Comm,PERROCOO,No,ETHNECOO
74949797,Haley Morris,Travel and Transportation,Accommodation,SMC Comm,NEDUNDEF,No,ULLNUDEF
75959797,The Gas Log Supply Company,Nonprofit,Charities and Philanthropic,SMC Education,LYOKELLY,No,TCHBRLLY
76161797,Christoph Schlaefli,National Government,Public Administration,Priority PS,OKELIBRO,Yes,INDROBRO
77171797,IWL Connect,National Government,Public Administration,Priority PS,IMUMIMU,Yes,ANTSAMU
78585797,Interior Supply & Services,National Government,Public Administration,SMB,MESLJAME,No,REIMAAME
78989797,Empire Scale Corp,Professional Services,Legal Services,Priority Commercial,ONNSADID,Yes,TOCMADID
76262802,Cold Stone Creamy,Manufacturing,Automotive,Strategic,NEDUNDEF,Yes,ULLNUDEF
1515811,Brides And Babes,Banking,Banking,Strategic,NEDUNDEF,Yes,ULLNUDEF
29494815,DHA Sales; Inc,Primary Education,Primary Education,SMC Education,TANSWINS,No,ETHNEINS
31515815,Tribrothers Inc,Entertainment and Media,Advertising,Strategic,NHESIMON,Yes,IESDAMON
36565815,Morgan Consulting,National Government,Resources and Environment,Priority PS,IERSGRIE,Yes,TERNERIE
57070815,DCC SHOPRIDER,Travel and Transportation,Accommodation,Priority Commercial,ATEMIPAT,Yes,ERSDSPAT
84646844,Fair Sales Consultants,Professional Services,Outsourced Services,Priority Commercial,MANPAUMA,Yes,ULLNUUMA
90000844,Digital Sales Solutions,Chemicals,Chemicals,SMB,BENKEREU,No,ETHNEREU
4242845,Take-Me-Home.com,Primary Education,Primary Education,SMC Education,NEDUNDEF,No,ULLNUDEF
5454845,Rp Properties,Professional Services,Other Services,SMB,NAGKRFLA,No,REIMAFLA
5959845,Asset Sales Inc,National Government,Public Administration,SMB,NEDUNDEF,No,ULLNUDEF
6262845,Kalmar Motor Sales,Nonprofit,Membership Organizations,SMC Comm,NINBECRO,No,REIMACRO
6464845,AM SALES MOTIVATORS; INC,National Government,Public Administration,Priority PS,TERLEFRA,Yes,TERNEFRA
16666845,LATEMODEL RESTORATION SUPPLY INC,Higher Education,Higher Education,SMC Education,OHAALHOL,No,REIMAHOL
16767845,Gerald Mayfield,Smart Spaces,Water and Sewage,Priority Commercial,WENHAOWE,Yes,DVARLOWE
18484845,Debbie Rochon,Professional Services,Legal Services,SMC Comm,ELYLKIEL,No,REIMAIEL
20909845,Seaport Services Corporation,Retailers,Specialty Retail,Priority Commercial,INGJAGRA,Yes,ENNPAGRA
22525845,Bell Supply,National Government,Public Administration,SMB,HAWGASHA,No,REIMASHA
24747845,SalesGreetingsUsa.com,National Government,Public Administration,Priority PS,ETOJERET,Yes,INDRORET
25858845,Lees Family Store,National Government,Public Administration,SMB,NAGKRFLA,No,REIMAFLA
27575845,Baby Bedrooms,Smart Spaces,Water and Sewage,Priority Commercial,YLEJEBOY,Yes,DVARLBOY
93030881,Evieta Suryawan,Telecommunications,Service Providers,Priority Commercial,LLSSIROL,Yes,IESDAROL
94949881,Tricia Contala,Primary Education,Primary Education,SMC Education,NEDUNDEF,No,ULLNUDEF
95959881,GTS Sales,National Government,Public Administration,Priority PS,OHNHEJOH,Yes,INDROJOH
97979881,Ameritex Supply Ltd,National Government,Public Administration,Priority PS,VEYELHOV,Yes,ANTSAHOV
99494881,NICHOLSON; WILLIAM,National Government,Public Administration,Priority PS,VEYELHOV,Yes,ANTSAHOV
99595881,JMR Sales Group,National Government,Public Administration,SMB,IENCABRI,No,ETHNEBRI
4141882,Best Beach Rentals & Sales; Inc,National Government,Public Administration,SMB,NAGKRFLA,No,REIMAFLA
5656882,Sharon Oliphant,Nonprofit,Charities and Philanthropic,SMC Education,AHADAMON,No,TCHBRMON
6060882,GRIFFIN; ROY,Higher Education,Higher Education,SMC Education,OHAALHOL,No,REIMAHOL
9191882,Yale University,National Government,Public Administration,Priority PS,HELANBUS,Yes,ANTSABUS
13232882,The Backroom Piano And Old Videos,National Government,Public Administration,Priority PS,TERLEFRA,Yes,TERNEFRA
13737882,Pegasys Sales; Inc,Libraries and Museums,Libraries and Museums,Priority PS,ETOJERET,Yes,INDRORET
18686882,Bobcad Cam,Professional Services,Legal Services,SMC Comm,NEDUNDEF,No,ULLNUDEF
31010882,R. J. Rauen Sales; Inc,Smart Spaces,Construction,Priority Commercial,MANPAUMA,Yes,ULLNUUMA
39191882,Modern Sales; Inc,Professional Services,IT Services,SMC Comm,NEDUNDEF,No,ULLNUDEF
48181906,Kc Services,Primary Education,Primary Education,SMC Education,OHAALHOL,No,REIMAHOL
48585906,Walker's Supply PLMG Fxtrs,Primary Education,Primary Education,SMC Education,TANSWINS,No,ETHNEINS
78282936,Jim Brygger,Professional Services,Software,SMC Comm,ELYLKIEL,No,REIMAIEL
78484937,Loudeye Corporation,Professional Services,Legal Services,SMC Comm,ELYLKIEL,No,REIMAIEL
34444939,McCormick Sales And Service - Mike McCormick,Professional Services,Legal Services,Priority Commercial,MBTKAGRU,Yes,TOCMAGRU
6868940,Road Rescue; Inc,National Government,Public Administration,SMB,NAGKRFLA,No,REIMAFLA
10808940,Ami Shabtai,Banking,Banking,Priority Commercial,ATTKASPR,Yes,WANJUSPR
17575940,Absolute Sales Company,Banking,Banking,SMC Comm,PERROCOO,No,ETHNECOO
11717942,Renovators Supply,Banking,Capital Markets/Securities,Priority Commercial,DINRIBOD,Yes,WANJUBOD
44949942,Dillard's Inc,Chemicals,Chemicals,Priority Commercial,KERANCOK,Yes,DVARLCOK
53535951,Agri-vally Sales,Manufacturing,Automotive,Priority Commercial,ELLMEBEL,Yes,INGRKBEL
54343951,Michael Drew,Banking,Capital Markets/Securities,Strategic,NEDUNDEF,Yes,ULLNUDEF
77373952,Michigan Services Credit Union,Travel and Transportation,Accommodation,SMC Comm,NINBECRO,No,REIMACRO
84343952,Inttra Inc.,Travel and Transportation,Transport Services,Priority Commercial,ATEMIPAT,Yes,ERSDSPAT
11010953,Atlantic Sales And Performace Inc,National Government,Public Administration,Priority PS,TERLEFRA,Yes,TERNEFRA
11313953,Eddiechamberland,Retailers,General Merchandise,SMC Comm,LLIANOSU,No,ETHNEOSU
19090953,J.R. Johnson Supply; Inc,Health,Health Provider,Priority PS,TNASUPAT,Yes,YESJAPAT
27979953,Mid-Carolina Supply; Inc,Professional Services,Accounting and Consulting,SMC Comm,RANJOMOR,No,REIMAMOR
49696953,Scooters,Primary Education,Primary Education,SMC Education,OHAALHOL,No,REIMAHOL
71414953,Southwest Adjusting Supply,Retailers,Food Service,Priority Commercial,UFFTODUF,Yes,ENNPADUF
85454953,JFD Sales Consulting Service,Professional Services,Accounting and Consulting,SMC Comm,RANJOMOR,No,REIMAMOR
33232954,Zaccari's Toy Company,Banking,Capital Markets/Securities,SMC Comm,REYJICAR,No,REIMACAR
48787954,SHOOTERS SUPPLY COMPANY,Professional Services,Accounting and Consulting,Priority Commercial,MBTKAGRU,Yes,TOCMAGRU
86161954,Penny Lighting Sales,Health,Health Provider,SMB,NEDUNDEF,No,ULLNUDEF
27878955,Ec Enterprises,Entertainment and Media,Publishing,SMC Comm,NEDUNDEF,No,ULLNUDEF
44141955,Jeffrey Liberati,Travel and Transportation,Logistics and Trucking,SMC Comm,NINBECRO,No,REIMACRO
21212956,Gadget Paintball,National Government,Public Administration,SMB,MESLJAME,No,REIMAAME
22222956,ZERO ORBIT,Banking,Capital Markets/Securities,SMC Comm,LAMJADEL,No,ETHNEDEL
44747956,Jasco Sales Reps,Professional Services,Legal Services,Priority Commercial,MBTKAGRU,Yes,TOCMAGRU
48282956,PRINCE; RICK,Manufacturing,High Tech and Electronics,SMC Comm,NEDUNDEF,No,ULLNUDEF
76161956,Austin Sales Inc,Professional Services,Accounting and Consulting,SMC Comm,PERROCOO,No,ETHNECOO
92525956,James Mercier,Smart Spaces,Real Estate,SMC Comm,ROWJACBR,No,REIMACBR
38686957,Xenical; Order,Retailers,Specialty Retail,Priority Commercial,YLETRROY,Yes,ENNPAROY
51515957,Dreamdog Software,Professional Services,Legal Services,SMC Comm,RANJOMOR,No,REIMAMOR
61515957,Industrial Fairway Supply Company,Primary Education,Primary Education,SMC Education,TANSWINS,No,ETHNEINS
85757957,Eduardo Miraballes,Banking,Banking,Strategic,NEDUNDEF,Yes,ULLNUDEF
98787957,Fox Supply Company; Inc,Chemicals,Automotive,Priority Commercial,ELLMEBEL,Yes,INGRKBEL
404958,Sales In Minutes,Consumer Goods,Consumer Goods,SMC Comm,RELPAMOR,No,ETHNEMOR
34141958,Kent Brown Dealerships,Professional Services,Accounting and Consulting,SMC Comm,NEDUNDEF,No,ULLNUDEF
34444958,Pinkelman Sales; Inc,Consumer Goods,Consumer Goods,SMC Comm,NCHPALYN,No,ETHNELYN
26464959,INSTRUMENT AND SUPPLY CO,Professional Services,Accounting and Consulting,Strategic,NEDUNDEF,Yes,ULLNUDEF
32323959,Frank Popolizio,Insurance,Insurance Other,Priority Commercial,LESPUMIL,Yes,ETZLEMIL
46969959,PENNSYLVANIA GEAR CORPORATION,Banking,Banking,SMC Comm,ANCOSSAN,No,REIMASAN
68080959,Burke's Outlet,Professional Services,Legal Services,Priority Commercial,RKGMARKG,Yes,TOCMARKG
76262959,Cashola Inc.,Higher Education,Higher Education,SMC Education,TANSWINS,No,ETHNEINS
95050959,Dr Dennis Nave,Banking,Capital Markets/Securities,Priority Commercial,HPRRICHP,Yes,EBAWACHP
43939960,COLLIERS BENNETT & KAHNWEILER,National Government,Public Administration,SMB,NAGKRFLA,No,REIMAFLA
53333960,Digital Stable,Primary Education,Primary Education,SMC Education,TANSWINS,No,ETHNEINS
70505960,KV Vet Supply,Manufacturing,High Tech and Electronics,Strategic,NEDUNDEF,Yes,ULLNUDEF
79292960,Los Angelinos,Manufacturing,Automotive,Priority Commercial,HIGSOPHI,Yes,INGRKPHI
23333961,T.A. Sales Inc.,Professional Services,Legal Services,Priority Commercial,ONNSADID,Yes,TOCMADID
29898961,Bergner's Department Store,Energy,Electricity and Gas Services,SMC Comm,NEDUNDEF,No,ULLNUDEF
39595961,Office-Helper.com,Banking,Capital Markets/Securities,SMC Comm,LAMJADEL,No,ETHNEDEL
42525961,Restorative Care Of America,Smart Spaces,Architecture and Engineering,Priority Commercial,NNECAGWY,Yes,MSTADGWY
98181961,JPW Systems,Nonprofit,Charities and Philanthropic,SMC Education,AHADAMON,No,TCHBRMON
98383961,MRO DISTRIBUTORS; INC,Travel and Transportation,Transport Services,SMC Comm,LSHNIWAL,No,ETHNEWAL
707962,Tiles Unlimited,Manufacturing,Automotive,SMC Comm,NEDUNDEF,No,ULLNUDEF
5757963,Arctic Wire Rope And Supply,Manufacturing,Automotive,SMC Comm,NEDUNDEF,No,ULLNUDEF
7272963,Galactic Sales,Manufacturing,High Tech and Electronics,SMC Comm,LAMJADEL,No,ETHNEDEL
31313963,Goldengoose Sales & Service,National Government,Public Administration,SMB,NEDUNDEF,No,ULLNUDEF
32323963,MTS Mulcahy/Tech Sales,Nonprofit,Membership Organizations,SMC Education,OHAALHOL,No,REIMAHOL
32626963,Reno Fabricating & Sales Co.; Inc,Travel and Transportation,Transport Services,Priority Commercial,ATEMIPAT,Yes,ERSDSPAT
33030963,Bailey Sales Corporation,Insurance,Insurance Other,SMC Comm,REYJICAR,No,REIMACAR
34141963,Chris Gage,Manufacturing,High Tech and Electronics,SMC Comm,NEDUNDEF,No,ULLNUDEF
39090963,A A D All American Dialup Zeuter) 866) 4US-DIAL,Higher Education,Higher Education,SMC Education,SHECLWAL,No,REIMAWAL
40909963,Southern Supply,Professional Services,Accounting and Consulting,SMC Comm,NEDUNDEF,No,ULLNUDEF
63737963,Steven Theisen,Professional Services,Legal Services,SMC Comm,REYJICAR,No,REIMACAR
80808963,Metrocom Enterprises; Inc,Retailers,Grocery,Priority Commercial,MASHITHO,Yes,ENNPATHO
60303964,RPM Sales Associates,National Government,Public Administration,SMB,NAGKRFLA,No,REIMAFLA
67171964,Contextual Program Designs,Retailers,Specialty Retail,SMC Comm,RELPAMOR,No,ETHNEMOR
10808965,Gadzooks,Professional Services,Software,Priority Commercial,OKETOBRO,Yes,MSTADBRO
50808965,Webtek,Banking,Banking,Strategic,NEDUNDEF,Yes,ULLNUDEF
3838966,Idaho Department Of Commerce,Smart Spaces,Construction,Priority Commercial,HILSAHIL,Yes,MSTADHIL
15252966,Matthews Sales Company,Professional Services,Other Services,SMC Comm,EINKESCH,No,ETHNESCH
26767966,Overton; Carrie,Consumer Goods,Consumer Goods,SMC Comm,RELPAMOR,No,ETHNEMOR
38686966,Mesa Verde Manufacturing,Insurance,Insurance Other,SMC Comm,LAMJADEL,No,ETHNEDEL
68282966,Southern Sales Equestrian Center,Manufacturing,Automotive,SMC Comm,RELPAMOR,No,ETHNEMOR
25757967,Kingsbury Bearings,Nonprofit,Membership Organizations,Priority Commercial,IRACPERE,Yes,TOCMAERE
28585967,Evieta Suryawan,Nonprofit,Charities and Philanthropic,SMC Education,LYOKELLY,No,TCHBRLLY
62323967,Legacy Monuments,Primary Education,Primary Education,SMC Education,TANSWINS,No,ETHNEINS
79494967,Central Data Supply,National Government,Government Social Programs,SMB,NEDUNDEF,No,ULLNUDEF
81212967,Boline Office Supply; Inc,Retailers,Specialty Retail,SMC Comm,RELPAMOR,No,ETHNEMOR
10909968,Japan Arts Publications,Professional Services,Legal Services,SMC Comm,ELYLKIEL,No,REIMAIEL
22323968,Dawahare's,Primary Education,Primary Education,SMC Education,TANSWINS,No,ETHNEINS
22525968,WIZnet,Nonprofit,Membership Organizations,SMC Education,TANSWINS,No,ETHNEINS
85757968,Nova International,Nonprofit,Charities and Philanthropic,SMB,NEDUNDEF,No,ULLNUDEF
87070968,Mr Caleb N Jaffa,Retailers,Grocery,SMC Comm,NEDUNDEF,No,ULLNUDEF
93030968,Towne Brokers Inc,Retailers,Specialty Retail,Priority Commercial,NEDUNDEF,Yes,ENNPADEF
44545970,Retail Flavors; Inc,National Government,Government Social Programs,SMB,NEDUNDEF,No,ULLNUDEF
87070970,BROWN SALES INC,Primary Education,Primary Education,SMC Education,TANSWINS,No,ETHNEINS
89393970,Good God,Health,Health Payor,Priority PS,INEKHANL,Yes,LSOMIANL
2323971,Meadow Land Sales Lc,Manufacturing,High Tech and Electronics,SMC Comm,NEDUNDEF,No,ULLNUDEF
18585971,Saturn Of Paramus,Professional Services,Outsourced Services,Strategic,NEDUNDEF,Yes,ULLNUDEF
57676971,Business Supply.com,Primary Education,Primary Education,SMC Education,TANSWINS,No,ETHNEINS
92121971,Accessible Systems,National Government,Public Administration,SMB,NEDUNDEF,No,ULLNUDEF
98686971,Infinity Enterprises,Banking,Banking,Strategic,NEDUNDEF,Yes,ULLNUDEF
24848972,Direct Outlet USA,National Government,Public Administration,Priority PS,LONNIDIL,Yes,INDRODIL
4343973,Barrier Motors,Professional Services,Legal Services,SMC Comm,NEDUNDEF,No,ULLNUDEF
53838973,Ross Sales Agency,National Government,Public Administration,SMB,NEDUNDEF,No,ULLNUDEF
74040973,Digital Sales Solutions,Chemicals,Chemicals,SMC Comm,NEDUNDEF,No,ULLNUDEF
58585974,Lj Goodsell,Nonprofit,Membership Organizations,SMB,MESLJAME,No,REIMAAME
61616974,Pearl Shop,Health,Health Provider,SMC Education,LYOKELLY,No,TCHBRLLY
82020974,Curly At Home,Banking,Capital Markets/Securities,SMC Comm,LAMJADEL,No,ETHNEDEL
89393974,Rainbow Sales; Inc.,Professional Services,Software,Priority Commercial,OKETOBRO,Yes,MSTADBRO
29191975,Dan Schneider,Nonprofit,Membership Organizations,SMC Education,OHAALHOL,No,REIMAHOL
50101975,Mitchell Enterprises,National Government,Public Administration,SMB,NAGKRFLA,No,REIMAFLA
98585975,Maverick Transportation Inc,Professional Services,Legal Services,Priority Commercial,ONNSADID,Yes,TOCMADID
30404976,Spokane Sales,Professional Services,Other Services,SMC Comm,NEYDAGAR,No,ETHNEGAR
58585977,Debbie Calandi,Nonprofit,Membership Organizations,SMC Comm,ROWJACBR,No,REIMACBR
58888977,Urban Planet,Smart Spaces,Construction,Priority Commercial,OOKSACOO,Yes,MSTADCOO
58989977,Webb Supply,Nonprofit,Charities and Philanthropic,SMC Education,LYOKELLY,No,TCHBRLLY
59898977,Knight Sales SVC,Nonprofit,Charities and Philanthropic,SMC Education,AHADAMON,No,TCHBRMON
61414977,Dixie Industrial Sales; Inc,Entertainment and Media,Publishing,SMC Comm,NEDUNDEF,No,ULLNUDEF
1111978,Bohnkita Enterprises,Higher Education,Higher Education,Priority PS,OMFJOBLO,Yes,HILSABLO
20404978,Hydronic Supply,Banking,Capital Markets/Securities,Priority Commercial,DINAAREA,Yes,WANJUREA
92020100,C.D.I.,Higher Education,Higher Education,SMC Education,TANSWINS,No,ETHNEINS
92222100,PIERSON; JAMES,Primary Education,Primary Education,SMC Education,TANSWINS,No,ETHNEINS
93838100,XS,National Government,Public Administration,Priority PS,OKELIBRO,Yes,INDROBRO
94545100,Advanced Global Sales; LLC,Manufacturing,High Tech and Electronics,Strategic,NEDUNDEF,Yes,ULLNUDEF
98181100,Theresnoend,Primary Education,Primary Education,SMC Education,TANSWINS,No,ETHNEINS
2424100,Teresa Bermudez,National Government,Public Administration,Priority PS,ORDANORD,Yes,ANTSAORD
5151100,Politicallegend.com,Telecommunications,Service Providers,SMC Comm,LSHNIWAL,No,ETHNEWAL
5454100,Tarpclip Inc,Travel and Transportation,Transport Services,SMC Comm,NINBECRO,No,REIMACRO
8787100,Safway Supply; Inc,National Government,Public Administration,Priority PS,OOKCABRO,Yes,TERNEBRO
9898100,Eric Lanum,National Government,Public Administration,SMB,IENCABRI,No,ETHNEBRI
10101100,Solar Plastics,Professional Services,Other Services,Priority Commercial,TERANBAX,Yes,ERSDSBAX
77373102,Bradford Sales,Primary Education,Primary Education,SMC Education,TANSWINS,No,ETHNEINS
58686103,Half Price Pots,Insurance,Insurance Direct,Priority Commercial,YLOSTTAY,Yes,ETZLETAY
91111105,Intrasource Llc,Travel and Transportation,Logistics and Trucking,SMC Comm,LSHNIWAL,No,ETHNEWAL
91616106,Jim Burt DBA Sales Cnsltants Of Stamford,Professional Services,IT Services,Priority Commercial,OKETOBRO,Yes,MSTADBRO
14444106,Meissen Shop,Professional Services,Legal Services,Priority Commercial,MBTKAGRU,Yes,TOCMAGRU
19191106,Attic Insulation & Ventilation Pros,Banking,Capital Markets/Securities,SMC Comm,ANCOSSAN,No,REIMASAN
27575106,Minzey For Sheriff,Entertainment and Media,Publishing,Priority Commercial,LERCHPED,Yes,IESDAPED
28080106,Specification Sales Agency Inc.,Retailers,Motor Vehicle and Parts Dealers,Strategic,NEDUNDEF,Yes,ULLNUDEF
28585106,Robin Ford,National Government,Public Administration,Priority PS,WITJBECK,Yes,IROJEECK
73737106,US DATA SEARCH,Insurance,Insurance Other,Priority Commercial,LESPUMIL,Yes,ETZLEMIL
79090106,PoliceFlashlights.com,National Government,Resources and Environment,Priority PS,INCDAPRI,Yes,INDROPRI
86565106,B&e Air-Conditioning,Smart Spaces,Architecture and Engineering,Priority Commercial,ELLMEBEL,Yes,INGRKBEL
53030107,NS Enterprises,National Government,Public Administration,SMB,NEDUNDEF,No,ULLNUDEF
44242107,Sam Valenti,Primary Education,Primary Education,SMC Education,NEDUNDEF,No,ULLNUDEF
5959107,Grand Tool Supply,Banking,Capital Markets/Securities,Priority Commercial,ATTKASPR,Yes,WANJUSPR
29696108,Lane County Republican Party,Manufacturing,Automotive,SMC Comm,RELPAMOR,No,ETHNEMOR
93939108,Courtney Echols And Asso.,Entertainment and Media,Broadcasters,Priority Commercial,ERBROOTT,Yes,IESDAOTT
82222109,Miller; Mark,National Government,Public Administration,SMB,NAGKRFLA,No,REIMAFLA
68888109,Unibus,National Government,Public Administration,SMB,NAGKRFLA,No,REIMAFLA
75050109,Dieter's Delight!,National Government,Government Social Programs,SMB,HAWGASHA,No,REIMASHA
39999109,Jag Sales; LTD,Chemicals,Chemicals,SMC Comm,NEDUNDEF,No,ULLNUDEF
17070109,Catch The Wind; Inc.,Smart Spaces,Architecture and Engineering,SMC Comm,NEDUNDEF,No,ULLNUDEF
13535109,TW Cable Ad Sales,Retailers,Food Service,Priority Commercial,NEDUNDEF,Yes,ENNPADEF
39696109,Corporate Supply Network; Inc,National Government,Public Administration,SMB,MESLJAME,No,REIMAAME
57373109,ROV Supply CO,Nonprofit,Charities and Philanthropic,SMC Education,AHADAMON,No,TCHBRMON
60101109,Therma-Tron-X - Industrial Finishing Systems,Smart Spaces,Construction,SMC Comm,LLIANOSU,No,ETHNEOSU
33636109,Supply Diagnostic Usa,Banking,Banking,SMC Comm,NEDUNDEF,No,ULLNUDEF
61515109,Spectrum Photo,Nonprofit,Charities and Philanthropic,SMC Education,AHADAMON,No,TCHBRMON
63737109,A-1 Fence,Retailers,Specialty Retail,SMC Comm,NEDUNDEF,No,ULLNUDEF
85353109,NewHampshire Net Sales,Professional Services,Outsourced Services,SMC Comm,NEDUNDEF,No,ULLNUDEF
70202109,Environmental Solution Supply,Consumer Goods,Wholesale Distribution,SMC Comm,RELPAMOR,No,ETHNEMOR
56161110,Team Saguaro,Manufacturing,High Tech and Electronics,SMC Comm,NEYDAGAR,No,ETHNEGAR
69494110,Dix Barber Supply,Primary Education,Primary Education,SMC Education,TANSWINS,No,ETHNEINS
92929110,Warhol Diversified Sales; Inc,Chemicals,Chemicals,SMC Comm,NEDUNDEF,No,ULLNUDEF
84646110,Used Coffin Sales,Nonprofit,Membership Organizations,SMC Comm,LAMJADEL,No,ETHNEDEL
85555110,Neil G. Sapper,Professional Services,Legal Services,SMC Comm,NEYDAGAR,No,ETHNEGAR
91111110,Brandon Hawkins,Entertainment and Media,Publishing,SMC Comm,NINBECRO,No,REIMACRO
20707110,Security Funding Services,National Government,Public Administration,SMB,IENCABRI,No,ETHNEBRI
33737110,Sweetland Sales,Banking,Capital Markets/Securities,Priority Commercial,ATTKASPR,Yes,WANJUSPR
27474111,Kmp Sales,Chemicals,Chemicals,SMC Comm,NEDUNDEF,No,ULLNUDEF
68989111,Lunchbox Recordings,Chemicals,Automotive,Priority Commercial,NEDUNDEF,Yes,ENNPADEF
92828111,Summit Natural Gas,Professional Services,Accounting and Consulting,SMC Comm,NEDUNDEF,No,ULLNUDEF
1414111,Clement Sales,Professional Services,Legal Services,SMC Comm,REYJICAR,No,REIMACAR
37878111,Broker Dealer Compliance,Manufacturing,High Tech and Electronics,SMC Comm,RANJOMOR,No,REIMAMOR
93636111,Stamp Alaska,Higher Education,Higher Education,SMC Comm,REYJICAR,No,REIMACAR
8484111,American Sales College,Smart Spaces,Architecture and Engineering,SMC Comm,EINKESCH,No,ETHNESCH
75858111,Crown Sanitary Supply Co,Entertainment and Media,Publishing,SMC Comm,LSHNIWAL,No,ETHNEWAL
90909111,Northwest Supply,Professional Services,Other Services,SMC Comm,NEDUNDEF,No,ULLNUDEF
93939111,DTI Services,Defenses,National Security,Public Sector,NWISTJOH,Yes,THOJAJOH
42121111,Roger's Broadcasting,Retailers,Specialty Retail,Priority Commercial,YLETRROY,Yes,ENNPAROY
64747111,Goody's Retail Store,Manufacturing,High Tech and Electronics,Priority Commercial,HIGSOPHI,Yes,INGRKPHI
83838111,Sharon Reynolds,Energy,Electricity and Gas Services,Priority Commercial,WENHAOWE,Yes,DVARLOWE
91111111,Bair; Jason,National Government,Public Administration,SMB,NAGKRFLA,No,REIMAFLA
26262111,Justin Vargas,Telecommunications,Hosters and ISPs,SMC Comm,NEDUNDEF,No,ULLNUDEF
78787111,Michael Letzig,Professional Services,IT Services,Priority Commercial,EVECHSTE,Yes,MSTADSTE
7676111,Danvers Youth Soccer,Local Government,Public Safety,SMB,HAWGASHA,No,REIMASHA
12828111,Randy Davis,Consumer Goods,Consumer Goods,Priority Commercial,INGJAGRA,Yes,ENNPAGRA
48585111,Technical Reproduction & Supply,National Government,Government Social Programs,SMB,NAGKRFLA,No,REIMAFLA
58585111,Halls Plaza,Smart Spaces,Water and Sewage,SMC Comm,NEDUNDEF,No,ULLNUDEF
61111111,Radovan Pletka,Banking,Capital Markets/Securities,SMC Comm,NEDUNDEF,No,ULLNUDEF
64848111,Peters Office Supply,Higher Education,Higher Education,SMC Education,SHECLWAL,No,REIMAWAL
71919111,Ye Olde Shoppe,Professional Services,Other Services,SMC Comm,NCHPALYN,No,ETHNELYN
28484112,Inttra Corp,Consumer Goods,Wholesale Distribution,SMC Comm,NEDUNDEF,No,ULLNUDEF
30606112,Mary Lashlee,National Government,Public Administration,Priority PS,HELANBUS,Yes,ANTSABUS
32323112,Wings,National Government,Government Social Programs,SMB,BENKEREU,No,ETHNEREU
43939112,Bacik Karpinski Associates Inc,Higher Education,Higher Education,Priority PS,GALBHBHA,Yes,HILSABHA
45050112,Free Weed,Banking,Capital Markets/Securities,SMC Comm,NEDUNDEF,No,ULLNUDEF
55151112,HC Management; Inc,Consumer Goods,Wholesale Distribution,Strategic,NEDUNDEF,Yes,ULLNUDEF
63333112,Muaban.net,Consumer Goods,Consumer Goods,Priority Commercial,UFFTODUF,Yes,ENNPADUF
69393112,Cinnamon Windmill,Energy,Electricity and Gas Services,Priority Commercial,YLEJEBOY,Yes,DVARLBOY
70606112,Hargrove Used Machinery Sales,Entertainment and Media,Advertising,SMC Comm,NCHPALYN,No,ETHNELYN
96060112,Tom Hjellming,Higher Education,Higher Education,SMC Education,SHECLWAL,No,REIMAWAL
17373112,D.E.I. Management Group; Inc,National Government,Public Administration,SMB,HAWGASHA,No,REIMASHA
19999112,Netpoint International,National Government,Public Administration,Priority PS,IERSGRIE,Yes,TERNERIE
33535112,Slavo Milojevic,Professional Services,Accounting and Consulting,SMC Comm,RANJOMOR,No,REIMAMOR
13939112,Michael Johnson,Energy,Mining,SMC Comm,RANJOMOR,No,REIMAMOR
15252112,Virginia Lyon,Nonprofit,Charities and Philanthropic,SMC Education,OHAALHOL,No,REIMAHOL
22525115,Barefoot Fantasies,Higher Education,Higher Education,Priority PS,WITJBECK,Yes,IROJEECK
45353117,James G Piccinich,Retailers,Specialty Retail,Priority Commercial,NEDUNDEF,Yes,ENNPADEF
68888118,Photo ID-CARDS Unlimited,Travel and Transportation,Accommodation,SMC Comm,ELYLKIEL,No,REIMAIEL
91313118,Milwaukee Action Gaming Supply; LLC,Retailers,Specialty Retail,Priority Commercial,MASHITHO,Yes,ENNPATHO
92828118,Walker Motor Sales,Manufacturing,High Tech and Electronics,SMC Comm,PERROCOO,No,ETHNECOO
93131118,Surf N Sand Condos,Smart Spaces,Architecture and Engineering,SMC Comm,EINKESCH,No,ETHNESCH
404118,Sa-So Acquisition Corp,Consumer Goods,Wholesale Distribution,Priority Commercial,YLETRROY,Yes,ENNPAROY
19595119,Motion Control Group,Chemicals,Chemicals,SMC Comm,ANCOSSAN,No,REIMASAN
60707119,Sales Systems,Nonprofit,Charities and Philanthropic,SMC Education,LYOKELLY,No,TCHBRLLY
44040119,Asset Sales Inc,Travel and Transportation,Transport Services,SMC Comm,NEDUNDEF,No,ULLNUDEF
47474119,Lynn Office Supply,National Government,Resources and Environment,Priority PS,OKELIBRO,Yes,INDROBRO
78484119,HARIMTEPATHIP; NIMITR,Travel and Transportation,Transport Services,Priority Commercial,TERANBAX,Yes,ERSDSBAX
84242119,Dollar Store Svc,Professional Services,Software,SMC Comm,RELPAMOR,No,ETHNEMOR
89393119,Maritime Supply LLC,National Government,Public Administration,SMB,HAWGASHA,No,REIMASHA
95353119,Harmon Distributing,Consumer Goods,Wholesale Distribution,Priority Commercial,OLMRMALC,Yes,INGADALC
98888119,Meditropin Sales & Information,Professional Services,Legal Services,SMC Comm,ROWJACBR,No,REIMACBR
99191119,Glen Blanc Associates Inc,National Government,Public Administration,Priority PS,ETOJERET,Yes,INDRORET
99595119,Mary O''connor,Smart Spaces,Architecture and Engineering,SMC Comm,EINKESCH,No,ETHNESCH
14747120,Ronnings,Smart Spaces,Construction,SMC Comm,NEDUNDEF,No,ULLNUDEF
303121,Pat Associate,Professional Services,Other Services,Strategic,NEDUNDEF,Yes,ULLNUDEF
1010124,Machinery Sales Company,Professional Services,Other Services,SMC Comm,RANJOMOR,No,REIMAMOR
63636124,J&J SALES & SV,National Government,Resources and Environment,SMB,NEDUNDEF,No,ULLNUDEF
64848124,Dollar Discount Stores Of Amer,Energy,Mining,SMC Comm,NEDUNDEF,No,ULLNUDEF
84848124,Gail G. Sellers,National Government,Resources and Environment,Priority PS,LONNIDIL,Yes,INDRODIL
88686124,MRG Sales,Chemicals,Chemicals,SMC Comm,LSHNIWAL,No,ETHNEWAL
97575124,Leslie Jensen,Travel and Transportation,Logistics and Trucking,Priority Commercial,ONGYIWON,Yes,ERSDSWON
98989124,Zane Investigations,Smart Spaces,Real Estate,SMC Comm,ROWJACBR,No,REIMACBR
4444124,Ethel''s Fashions,National Government,Public Administration,SMB,IENCABRI,No,ETHNEBRI
39292124,LGL Sales,Travel and Transportation,Transport Services,SMC Comm,NCHPALYN,No,ETHNELYN
40505124,Laskin Associates,Smart Spaces,Architecture and Engineering,SMC Comm,ELYLKIEL,No,REIMAIEL
47878124,Altitude Matters,National Government,Resources and Environment,Priority PS,IMUMIMU,Yes,ANTSAMU
48080124,Mike McNally,National Government,Public Administration,SMB,IENCABRI,No,ETHNEBRI
67272124,NET SOLUTIONS DIRECT,National Government,Public Administration,SMB,NEDUNDEF,No,ULLNUDEF
63131124,Benny Arman,National Government,Public Administration,SMB,HAWGASHA,No,REIMASHA
65757124,A-1 Fence,Manufacturing,High Tech and Electronics,Strategic,NEDUNDEF,Yes,ULLNUDEF
69090124,Jim Vance,Banking,Capital Markets/Securities,SMC Comm,NEDUNDEF,No,ULLNUDEF
71111124,Cmx,National Government,Public Administration,Priority PS,NTHPHGRA,Yes,ANTSAGRA
71515124,Meganet Management Consultants Inc,Manufacturing,Automotive,Strategic,NEDUNDEF,Yes,ULLNUDEF
94545124,Hummer - Lynch HUMMER,Banking,Capital Markets/Securities,Priority Commercial,LESPUMIL,Yes,ETZLEMIL
26060124,Oakland Corporation,Pharmaceuticals,Pharmaceuticals,Priority Commercial,KERANCOK,Yes,DVARLCOK
32525124,INSTA-SALES; INC,Smart Spaces,Real Estate,SMB,HAWGASHA,No,REIMASHA
33232124,B & C Sales,National Government,Public Administration,SMB,NEDUNDEF,No,ULLNUDEF
41010124,DK Sales; Inc,National Government,Public Administration,SMB,NEDUNDEF,No,ULLNUDEF
86666127,A & I Supply,Travel and Transportation,Accommodation,Priority Commercial,MASHITHO,Yes,ENNPATHO
94444127,ALL PARTS DISTRIBUTORS EXPORTERS; INC.,National Government,Public Administration,SMB,NEDUNDEF,No,ULLNUDEF
127,Twin Oaks Mobile Home Sales,Smart Spaces,Construction,SMC Comm,REYJICAR,No,REIMACAR
14747127,Martha C. Ballard,Banking,Capital Markets/Securities,SMC Comm,PERROCOO,No,ETHNECOO
32020127,Casino Of The Sun,Health,Health Provider,Priority PS,NHIANHI,Yes,LSOMIHI
94747127,Creative Sales Company,National Government,Public Administration,SMB,IENCABRI,No,ETHNEBRI
95656127,MEANSTANG SUPPLY,National Government,Public Administration,Priority PS,OKELIBRO,Yes,INDROBRO
16262127,Pittsburgh Coatings And Supply,Banking,Banking,Priority Commercial,DINAAREA,Yes,WANJUREA
17878127,Mt. Washington Homebrew Supply,Smart Spaces,Water and Sewage,Priority Commercial,YLEJEBOY,Yes,DVARLBOY
33232129,Palisades Volkswagen,Retailers,Specialty Retail,SMC Comm,NEDUNDEF,No,ULLNUDEF
34949129,Crosspartner.com,Consumer Goods,Consumer Goods,Strategic,NEDUNDEF,Yes,ULLNUDEF
62222129,Our Town Merchants,Local Government,Public Safety,Priority PS,YERLAODW,Yes,NNAJEODW
70909129,Flowers Healing Llp,Manufacturing,High Tech and Electronics,Priority Commercial,HIGSOPHI,Yes,INGRKPHI
86060129,Tricasters,Banking,Banking,Priority Commercial,DINAAREA,Yes,WANJUREA
18080129,0-RISK-WEBHOSTING,Professional Services,Legal Services,SMC Comm,ROWJACBR,No,REIMACBR
18484129,Maheswar Raj,Nonprofit,Membership Organizations,SMC Comm,NINBECRO,No,REIMACRO
53434132,Usa Laptop; LLC,Manufacturing,High Tech and Electronics,SMC Comm,NEDUNDEF,No,ULLNUDEF
61414132,JS Alternator & Starter Supply; Inc,Professional Services,Legal Services,Priority Commercial,ONNSADID,Yes,TOCMADID
62626132,P J P Sales,Professional Services,Accounting and Consulting,SMC Comm,NEDUNDEF,No,ULLNUDEF
81010132,Paul T Peterson,Banking,Banking,Priority Commercial,DERVIRYD,Yes,EBAWARYD
82424132,Organ Supply Industries,Banking,Banking,SMC Comm,LAMJADEL,No,ETHNEDEL
83939132,SAS Sales,National Government,Resources and Environment,Priority PS,IMUMIMU,Yes,ANTSAMU
95555132,Bettenhausen Motor Sales,Travel and Transportation,Logistics and Trucking,SMC Comm,NCHPALYN,No,ETHNELYN
96464132,Landtcrafts,National Government,Public Administration,Priority PS,ASGTHOMA,Yes,TERNEOMA
39494132,Darien D. Ward,National Government,Public Administration,SMB,NEDUNDEF,No,ULLNUDEF
65151132,Jefcoat Supply,Energy,Electricity and Gas Services,Priority Commercial,KERANCOK,Yes,DVARLCOK
32828132,Hecht's,National Government,Public Administration,SMB,NAGKRFLA,No,REIMAFLA
46969132,Amicone's Sport Supply,National Government,Public Administration,SMB,HAWGASHA,No,REIMASHA
47676132,Root Research; Inc,Retailers,Specialty Retail,SMC Comm,NEDUNDEF,No,ULLNUDEF
54343132,Henderson Motorsports,Travel and Transportation,Logistics and Trucking,SMB,NAGKRFLA,No,REIMAFLA
74848132,Discount Package Supply,Entertainment and Media,Publishing,Priority Commercial,LERCHPED,Yes,IESDAPED
75252132,Reed's Tractor Sales & Service,Retailers,General Merchandise,Priority Commercial,NEDUNDEF,Yes,ENNPADEF
78585132,CROWN AMERICA SALES,Higher Education,Higher Education,SMC Education,OHAALHOL,No,REIMAHOL
85050132,Novartis A.g,Smart Spaces,Real Estate,Priority Commercial,NNECAGWY,Yes,MSTADGWY
87373132,Store,Travel and Transportation,Accommodation,Priority Commercial,ALLGABAL,Yes,TOCMABAL
19595132,Joe And Dan Miga,National Government,Public Administration,SMB,NEDUNDEF,No,ULLNUDEF
65757132,Gray Daniels Ford,Professional Services,Legal Services,Priority Commercial,RKGMARKG,Yes,TOCMARKG
68181132,K-bee Sales,Professional Services,Other Services,Priority Commercial,ALLGABAL,Yes,TOCMABAL
15959132,Sales Systems; Inc,Nonprofit,Charities and Philanthropic,SMC Education,AHADAMON,No,TCHBRMON
34343132,Control System Sales; Inc,Professional Services,Accounting and Consulting,Priority Commercial,RKGMARKG,Yes,TOCMARKG
49797132,Vantage Sales,Smart Spaces,Real Estate,SMC Comm,EINKESCH,No,ETHNESCH
58282132,Kohl's,Professional Services,Legal Services,SMC Comm,ROWJACBR,No,REIMACBR
27171133,Overseas Labor Supply,National Government,Public Administration,SMB,IENCABRI,No,ETHNEBRI
79090133,Klc Productions,Retailers,Specialty Retail,Priority Commercial,INGJAGRA,Yes,ENNPAGRA
84949133,Blueberry Inn,Retailers,Specialty Retail,Priority Commercial,YLETRROY,Yes,ENNPAROY
97474133,WNV Sales; Inc,Professional Services,Accounting and Consulting,Priority Commercial,OKETOBRO,Yes,MSTADBRO
707133,Jan-El Sales,Entertainment and Media,Publishing,SMC Comm,NEYDAGAR,No,ETHNEGAR
10202133,Phe,Primary Education,Primary Education,SMC Education,TANSWINS,No,ETHNEINS
11616134,Brooke SUPPLY Company,Professional Services,Legal Services,Priority Commercial,MBTKAGRU,Yes,TOCMAGRU
40606134,Vormix Technical Sales,Professional Services,Accounting and Consulting,Strategic,NEDUNDEF,Yes,ULLNUDEF
55656134,Karl Domrose,Consumer Goods,Consumer Goods,SMC Comm,RELPAMOR,No,ETHNEMOR
32828134,I1internet Hosting Solutions,Banking,Capital Markets/Securities,Strategic,NEDUNDEF,Yes,ULLNUDEF
50909134,Burke's Outlet,Travel and Transportation,Transport Services,Priority Commercial,ILLEDUNH,Yes,ERSDSUNH
30707135,Brandin Morganstein,Professional Services,Legal Services,Priority Commercial,MBTKAGRU,Yes,TOCMAGRU
98686136,Newtwist,National Government,Public Administration,SMB,NEDUNDEF,No,ULLNUDEF
4545136,Jacobs Sales Company; Inc,Smart Spaces,Construction,Priority Commercial,OOKSACOO,Yes,MSTADCOO
32222136,Inter Island Solar Supply,Travel and Transportation,Logistics and Trucking,SMC Comm,NEDUNDEF,No,ULLNUDEF
59696136,Tiffany Lawrence,Smart Spaces,Real Estate,SMC Comm,EINKESCH,No,ETHNESCH
64646136,Rebel Butcher Supply,Professional Services,Legal Services,Priority Commercial,RKGMARKG,Yes,TOCMARKG
67878136,Seven Lakes Herb Farm,Smart Spaces,Architecture and Engineering,SMC Comm,ELYLKIEL,No,REIMAIEL
57070137,Texture Technologies,Insurance,Insurance Direct,SMC Comm,NCHPALYN,No,ETHNELYN
77272137,Marcia Dettloff,Professional Services,Legal Services,SMC Comm,NEYDAGAR,No,ETHNEGAR
37979137,Peggy Funck,Professional Services,IT Services,Priority Commercial,OKETOBRO,Yes,MSTADBRO
22626138,Misael Bigio,National Government,Public Administration,Priority PS,TERLEFRA,Yes,TERNEFRA
30707138,Maul Sales,Local Government,Public Safety,Priority PS,SONROGIB,Yes,NNAJEGIB
34848138,B.L. Products,Nonprofit,Charities and Philanthropic,SMC Education,LYOKELLY,No,TCHBRLLY
52929138,TGM Sales,Higher Education,Higher Education,SMC Education,NEDUNDEF,No,ULLNUDEF
59999138,Clinical Practice,Insurance,Insurance Other,SMB,IENCABRI,No,ETHNEBRI
74848138,Rogers Department Store,Professional Services,Other Services,SMC Comm,NEYDAGAR,No,ETHNEGAR
39494140,PENCO GRAPHIC SUPPLY INC,Smart Spaces,Construction,SMC Comm,ELYLKIEL,No,REIMAIEL
68181140,Preferred Outlet At Laughlin,Energy,Oil and Gas,SMC Comm,RANJOMOR,No,REIMAMOR
1515140,Water Garden Store,Higher Education,Higher Education,SMC Education,SHECLWAL,No,REIMAWAL
6363140,Game Asylum,Primary Education,Primary Education,SMC Education,TANSWINS,No,ETHNEINS
20202140,Daniel Stegall,National Government,Resources and Environment,Priority PS,ETOJERET,Yes,INDRORET
23333140,John Miller,Retailers,Specialty Retail,SMC Comm,NEDUNDEF,No,ULLNUDEF
89898141,Vienna Youth Soccer,National Government,Public Administration,SMB,NEDUNDEF,No,ULLNUDEF
90606141,TFC; Inc,Insurance,Insurance Direct,SMC Comm,ANCOSSAN,No,REIMASAN
8686141,Drutek Consulting,Banking,Capital Markets/Securities,Priority Commercial,DINAAREA,Yes,WANJUREA
17979141,Paul Stuart Custom Jewelers,Banking,Capital Markets/Securities,SMC Comm,ANCOSSAN,No,REIMASAN
62222141,Roth Sales Associates,Nonprofit,Membership Organizations,SMB,HAWGASHA,No,REIMASHA
70909141,S. R. Sales Company; Inc.,Local Government,Public Safety,Priority PS,TERLEFRA,Yes,TERNEFRA
84545141,XTERRACOM,National Government,Public Administration,Priority PS,ASGTHOMA,Yes,TERNEOMA
96969142,Bailey Sales Corporation,Primary Education,Primary Education,SMC Education,OHAALHOL,No,REIMAHOL
303143,Obersheimer Sails Inc.,National Government,Resources and Environment,Priority PS,OHNHEJOH,Yes,INDROJOH
14343143,Valley Sales Internationa,National Government,Public Administration,Priority PS,OHNHEJOH,Yes,INDROJOH
18888143,Quintana Supply,Primary Education,Primary Education,Priority PS,OMFJOBLO,Yes,HILSABLO
28282143,Salerno Land Sales,Banking,Banking,Priority Commercial,DERVIRYD,Yes,EBAWARYD
28888143,Southern Sales Associates,Smart Spaces,Construction,SMC Comm,ELYLKIEL,No,REIMAIEL
43333143,Smart Sales Leads,Travel and Transportation,Transport Services,Priority Commercial,YLETRROY,Yes,ENNPAROY
45353143,Ferguson Box & Supply MFG. CO,Professional Services,Legal Services,Priority Commercial,ONNSADID,Yes,TOCMADID
51111143,Yardmasters Inc,National Government,Public Administration,SMB,NAGKRFLA,No,REIMAFLA
55454143,Graberry Sales,Nonprofit,Charities and Philanthropic,SMC Education,AHADAMON,No,TCHBRMON
57777143,Nde Quality Systems,Professional Services,Data,Priority Commercial,EVECHSTE,Yes,MSTADSTE
6868143,Bremen Castings Il. Sales Office,Manufacturing,Automotive,SMC Comm,NEDUNDEF,No,ULLNUDEF
37474143,Estate Sales Unlimited,Primary Education,Primary Education,SMC Education,OHAALHOL,No,REIMAHOL
41010143,Robert M. Wells,Insurance,Insurance Other,Priority Commercial,YLOSTTAY,Yes,ETZLETAY
41111143,Dollar Store,Banking,Capital Markets/Securities,Priority Commercial,ATTKASPR,Yes,WANJUSPR
70404143,The Deasy Family,Banking,Capital Markets/Securities,SMC Comm,ANCOSSAN,No,REIMASAN
78484143,KeywordZone.com,Retailers,Specialty Retail,SMC Comm,LLIANOSU,No,ETHNEOSU
82525143,A1A DJ - Guy A1A DJ Warehouse,Insurance,Insurance Direct,Priority Commercial,LDENICOL,Yes,ETZLECOL
61919143,Office Express Supply; Inc,Professional Services,Accounting and Consulting,SMC Comm,NEDUNDEF,No,ULLNUDEF
53737143,Gentry;Douglas,Nonprofit,Charities and Philanthropic,SMC Education,LYOKELLY,No,TCHBRLLY
58080144,Ochard Valley Supply,Primary Education,Primary Education,SMC Education,TANSWINS,No,ETHNEINS
81313144,Taylor Freezer Sales Co.; Inc.,Smart Spaces,Real Estate,SMC Comm,EINKESCH,No,ETHNESCH
83232144,Rochester Sales,Health,Health Provider,Priority PS,NTHPHGRA,Yes,ANTSAGRA
85555144,Glowstar,Entertainment and Media,Publishing,SMC Comm,ROWJACBR,No,REIMACBR
14343144,Jansonius; Ronald,Professional Services,Legal Services,SMC Comm,ELYLKIEL,No,REIMAIEL
31818144,Etro USA,Retailers,Specialty Retail,SMC Comm,NEDUNDEF,No,ULLNUDEF
48989144,Theford Family,National Government,Public Administration,SMB,NAGKRFLA,No,REIMAFLA
52222144,B J Discount,Entertainment and Media,Publishing,SMC Comm,NEYDAGAR,No,ETHNEGAR
6565145,Sharon Newsome,Professional Services,Legal Services,SMC Comm,NEDUNDEF,No,ULLNUDEF
17272145,MJ Corporate Sales,National Government,Public Administration,Priority PS,INCDAPRI,Yes,INDROPRI
46464145,Gaitanov,Professional Services,Legal Services,SMC Comm,ELYLKIEL,No,REIMAIEL
47676145,Sales-ebay,Insurance,Insurance Direct,SMC Comm,REYJICAR,No,REIMACAR
52222145,Arrow Sales Group; Inc,Retailers,Food Service,SMC Comm,NCHPALYN,No,ETHNELYN
4545145,Sondras Dream,Smart Spaces,Construction,Priority Commercial,HILSAHIL,Yes,MSTADHIL
76868146,COMMUNICART,National Government,Government Social Programs,SMB,NEDUNDEF,No,ULLNUDEF
88686146,Bulldog Sales,Travel and Transportation,Accommodation,SMC Comm,LAMJADEL,No,ETHNEDEL
90505146,DM Sales Inc,Primary Education,Primary Education,SMC Education,OHAALHOL,No,REIMAHOL
86767147,SHARON OSBOURNE,Chemicals,Chemicals,SMC Comm,NEDUNDEF,No,ULLNUDEF
13131147,JOHN RUGGIERI,Smart Spaces,Real Estate,Priority PS,INCDAPRI,Yes,INDROPRI
14040147,Cross Country Trailer Sales,Nonprofit,Membership Organizations,Priority Commercial,ALLGABAL,Yes,TOCMABAL
18989147,Penco Industries,Smart Spaces,Architecture and Engineering,SMC Comm,ELYLKIEL,No,REIMAIEL
23131147,Rust Sales,Nonprofit,Membership Organizations,SMB,NEDUNDEF,No,ULLNUDEF
28585147,Fox Sales Co,Health,Health Provider,SMC Education,AHADAMON,No,TCHBRMON
29898147,Miracle Ear Hearing Aid CO,Professional Services,Legal Services,SMC Comm,ELYLKIEL,No,REIMAIEL
66363151,Basementbargains.com,Consumer Goods,Wholesale Distribution,Strategic,NEDUNDEF,Yes,ULLNUDEF
70303151,Art By Kiyomi,Energy,Oil and Gas,Strategic,NEDUNDEF,Yes,ULLNUDEF
76161151,Wilcox Millworks,Consumer Goods,Consumer Goods,Strategic,NEDUNDEF,Yes,ULLNUDEF
86565151,0waitwebhost.com,Manufacturing,Automotive,Priority Commercial,TONCABOL,Yes,INGRKBOL
91818151,Monte Shelton Motor Co.,Energy,Oil and Gas,Strategic,NEDUNDEF,Yes,ULLNUDEF
12929152,Direct.NET,Chemicals,Chemicals,SMC Comm,NEDUNDEF,No,ULLNUDEF
56969152,Warren M. Schmitz & Associates,Consumer Goods,Consumer Goods,SMC Comm,RANJOMOR,No,REIMAMOR
62323152,Terminal Supply Company,Chemicals,Chemicals,SMC Comm,NEDUNDEF,No,ULLNUDEF
94040152,World Market,National Government,Resources and Environment,Priority PS,VEYELHOV,Yes,ANTSAHOV
96565152,American Supply Network; L.L.C,National Government,Government Social Programs,SMB,NEDUNDEF,No,ULLNUDEF
99494152,Jemco Industries Inc,National Government,Public Administration,SMB,HAWGASHA,No,REIMASHA
29797152,Duckwall,Manufacturing,Automotive,Strategic,NEDUNDEF,Yes,ULLNUDEF
35858152,Perry Havener,Professional Services,Accounting and Consulting,Priority Commercial,OKETOBRO,Yes,MSTADBRO
53939152,Suburban Sales Rental Center,National Government,Resources and Environment,Priority PS,OHNHEJOH,Yes,INDROJOH
59898152,S. Chase St,Manufacturing,High Tech and Electronics,Strategic,NEDUNDEF,Yes,ULLNUDEF
99999152,Finishers Supply Co,Consumer Goods,Wholesale Distribution,SMC Comm,LLIANOSU,No,ETHNEOSU
28282153,Walmart Supercenter,Professional Services,Other Services,SMC Comm,NEDUNDEF,No,ULLNUDEF
73030153,Sharon Garno,Higher Education,Higher Education,SMC Education,TANSWINS,No,ETHNEINS
19898153,Q R Industrial Sales Company; Inc,Retailers,Specialty Retail,Priority Commercial,INGJAGRA,Yes,ENNPAGRA
32222153,Con Estilo Latino,Smart Spaces,Water and Sewage,Priority Commercial,WENHAOWE,Yes,DVARLOWE
35050153,Tray Ayres,Energy,Mining,SMC Comm,NEDUNDEF,No,ULLNUDEF
42222153,L.D. Peters And Sons,Primary Education,Primary Education,SMC Education,OHAALHOL,No,REIMAHOL
46060153,Sawgrass Ford,Consumer Goods,Wholesale Distribution,Strategic,NEDUNDEF,Yes,ULLNUDEF
83737153,Discount Supply; Inc,Higher Education,Higher Education,Priority PS,OMFJOBLO,Yes,HILSABLO
85555153,Stuart; Lisa,Insurance,Insurance Direct,SMC Comm,PERROCOO,No,ETHNECOO
7474154,Cash Northwest,Professional Services,Legal Services,SMC Comm,RANJOMOR,No,REIMAMOR
16464154,Bach To Rock Music,Entertainment and Media,Advertising,Strategic,NEDUNDEF,Yes,ULLNUDEF
30909154,Interstate Sales Associates,Travel and Transportation,Logistics and Trucking,SMC Comm,RELPAMOR,No,ETHNEMOR
35858154,JWordSmith,Banking,Banking,Priority Commercial,DERVIRYD,Yes,EBAWARYD
82828155,T B Sales,Chemicals,Chemicals,Priority Commercial,INGJAGRA,Yes,ENNPAGRA
97979155,Polar Supply Company Inc,National Government,Public Administration,SMB,IENCABRI,No,ETHNEBRI
1515156,Alba Sales Associates Inc,Professional Services,Accounting and Consulting,SMC Comm,NEDUNDEF,No,ULLNUDEF
9393156,Wtvs-Tv,Professional Services,Accounting and Consulting,SMC Comm,NEDUNDEF,No,ULLNUDEF
21818156,Central Scale & Material Handling,Energy,Mining,SMC Comm,LSHNIWAL,No,ETHNEWAL
28686156,Sales Consultants Of Goodyear; Inc,National Government,Resources and Environment,Priority PS,ETOJERET,Yes,INDRORET
46868156,Zarth Trailer Sales,Nonprofit,Membership Organizations,Priority PS,OKELIBRO,Yes,INDROBRO
51111156,Mack's Prairie Wings Inc,Primary Education,Primary Education,SMC Education,NEDUNDEF,No,ULLNUDEF
24545156,Weisman Discount Home Ctr,Consumer Goods,Consumer Goods,SMC Comm,NEDUNDEF,No,ULLNUDEF
61717156,TSI Supply,Nonprofit,Membership Organizations,SMC Comm,NINBECRO,No,REIMACRO
76969156,Fred's Store,Banking,Capital Markets/Securities,Priority Commercial,DINRIBOD,Yes,WANJUBOD
8080156,Bossier Country,Chemicals,Chemicals,Strategic,NEDUNDEF,Yes,ULLNUDEF
22727156,Sketch Arctica,National Government,Public Administration,SMB,IENCABRI,No,ETHNEBRI
55454156,Michael DaVinci,National Government,Resources and Environment,SMB,NAGKRFLA,No,REIMAFLA
55757156,DFB Sales; Inc,Entertainment and Media,Advertising,Priority Commercial,LERCHPED,Yes,IESDAPED
56060156,Elritch Productions,Nonprofit,Charities and Philanthropic,SMC Education,LYOKELLY,No,TCHBRLLY
56666156,Kepree International,National Government,Public Administration,SMB,MESLJAME,No,REIMAAME
57070156,Combustion Sales Of Nj,Higher Education,Higher Education,SMC Education,TANSWINS,No,ETHNEINS
57272156,MTS Mulcahy/Tech Sales,Chemicals,Chemicals,SMC Comm,NINBECRO,No,REIMACRO
61414156,DNR Sales; Inc,National Government,Public Administration,SMB,NAGKRFLA,No,REIMAFLA
55555157,Texas Seal Supply Co.; Inc.,Chemicals,Chemicals,SMC Comm,NEDUNDEF,No,ULLNUDEF
64444157,Action Ministries,Consumer Goods,Wholesale Distribution,SMC Comm,NEDUNDEF,No,ULLNUDEF
66666157,Garage-Sales-Plus,Insurance,Insurance Direct,SMC Comm,PERROCOO,No,ETHNECOO
101157,Therma Tec Inc,Consumer Goods,Wholesale Distribution,SMC Comm,NEDUNDEF,No,ULLNUDEF
45555157,Easy Street Discount,Primary Education,Primary Education,Priority Commercial,ELLMEBEL,Yes,INGRKBEL
51414157,GREGSTON; B.K,Health,Health Provider,SMB,MESLJAME,No,REIMAAME
38787160,District Supply Center; Inc,Professional Services,Other Services,Priority Commercial,EVECHSTE,Yes,MSTADSTE
61919160,MyoSpan Sales,Banking,Banking,Priority Commercial,DINAAREA,Yes,WANJUREA
63636160,Audio Books For The Elderly,Retailers,Specialty Retail,Priority Commercial,NERHAWAR,Yes,INGADWAR
75858160,Peterbromberg.com,Professional Services,Legal Services,SMC Comm,NEDUNDEF,No,ULLNUDEF
82121160,Heartland Homebrew Supply,Professional Services,Software,Priority Commercial,OKETOBRO,Yes,MSTADBRO
70101161,Boot Connection - Brian Campbell,Banking,Banking,Strategic,NEDUNDEF,Yes,ULLNUDEF
83737161,Olympic Bus Sales,Smart Spaces,Water and Sewage,SMC Comm,ANCOSSAN,No,REIMASAN
13434162,Bitpipe Inc.,Manufacturing,High Tech and Electronics,SMC Comm,NEDUNDEF,No,ULLNUDEF
20909162,A Private Matter,Retailers,General Merchandise,Priority Commercial,OLMRMALC,Yes,INGADALC
23232162,LGA Medical Sales,Banking,Capital Markets/Securities,Priority Commercial,LESPUMIL,Yes,ETZLEMIL
52222162,United Sales Associates; Inc,Chemicals,Chemicals,SMC Comm,NEDUNDEF,No,ULLNUDEF
9595163,Performance Tank Sales,Entertainment and Media,Publishing,SMC Comm,NEDUNDEF,No,ULLNUDEF
54747163,New City Sales Corp,National Government,Public Administration,SMB,NEDUNDEF,No,ULLNUDEF
55555163,Dawsons Telecommunications,Insurance,Insurance Other,SMC Comm,REYJICAR,No,REIMACAR
3333165,Patrick Ciano Design,Insurance,Insurance Other,Priority Commercial,YLOSTTAY,Yes,ETZLETAY
41212165,Thomas Dewitt,National Government,Public Administration,Priority PS,NTHPHGRA,Yes,ANTSAGRA
41515165,Wayne A. Lown,Health,Health Provider,Priority PS,OKELIBRO,Yes,INDROBRO
49898165,JDSexton,Retailers,Specialty Retail,Priority Commercial,NEDUNDEF,Yes,ENNPADEF
55656165,Zesco; Inc,National Government,Public Administration,SMB,NAGKRFLA,No,REIMAFLA
66363165,PANHANDLER UTENSIL REST SALES; LLC,Smart Spaces,Construction,Priority Commercial,MANPAUMA,Yes,ULLNUUMA
72020165,Artisan Engraving Supply,Manufacturing,Automotive,Priority Commercial,TONCABOL,Yes,INGRKBOL
83535165,Taylor Freezer Sales CompanyOfGeorgiaInc,Manufacturing,High Tech and Electronics,SMC Comm,LAMJADEL,No,ETHNEDEL
45151165,H & S Supply,Chemicals,Chemicals,SMC Comm,NEDUNDEF,No,ULLNUDEF
56969165,Digital-Infiltration,Higher Education,Higher Education,Priority PS,OMFJOBLO,Yes,HILSABLO
58484165,Southwest Quality Suppliers,Professional Services,Legal Services,SMC Comm,LAMJADEL,No,ETHNEDEL
68484165,Randall N. Gooding,National Government,Tax and Revenue,Priority PS,TKIREATK,Yes,IROJEATK
88888169,Dennis Supply,Nonprofit,Charities and Philanthropic,SMC Education,LYOKELLY,No,TCHBRLLY
96767169,Recreation Supply Co.; Inc,Banking,Banking,Strategic,NEDUNDEF,Yes,ULLNUDEF
34646169,Venture Sales International,Manufacturing,Automotive,SMC Comm,NINBECRO,No,REIMACRO
90000170,Max Gourmet; A Division Of Liberty Natural Produc,Primary Education,Primary Education,SMC Education,OHAALHOL,No,REIMAHOL
12525170,Chili Plastics Inc,Chemicals,Automotive,SMC Comm,RANJOMOR,No,REIMAMOR
82727171,Midwest Scissor Supply,Professional Services,Other Services,Priority Commercial,HERMITOG,Yes,TOCMATOG
85555172,Frederick L Sewall,Smart Spaces,Construction,SMC Comm,RANJOMOR,No,REIMAMOR
6363172,Laun-Dry Supply Co.,Consumer Goods,Wholesale Distribution,SMC Comm,NEDUNDEF,No,ULLNUDEF
11212172,Family Life Church Int'l,National Government,Government Social Programs,SMB,NEDUNDEF,No,ULLNUDEF
76161172,Phoenix Systems,National Government,Resources and Environment,Priority PS,HELANBUS,Yes,ANTSABUS
76262172,DESMOND; JOHN,Nonprofit,Charities and Philanthropic,SMC Education,AHADAMON,No,TCHBRMON
77272172,Florida Villa Vacations Inc,Energy,Electricity and Gas Services,SMC Comm,LSHNIWAL,No,ETHNEWAL
31515172,LOVELY SALES INC,Nonprofit,Charities and Philanthropic,SMB,NEDUNDEF,No,ULLNUDEF
38181172,Jill's Office Supply,Banking,Capital Markets/Securities,SMC Comm,NINBECRO,No,REIMACRO
