Customer ID,Customer Name,Customer Email,Customer Number,Age,Gender,Location
1,Jeremy Horne MD,max41@example.com,6029333346,34,Female,Mumbai
2,Sharon Coffey,wellsdavid@example.org,+1-034-944-6657x437,48,Male,Mumbai
3,Joseph Hanson,smithyvonne@example.com,+1-994-417-1545,23,Female,Chennai
4,Debbie Dawson,jacob83@example.org,+1-652-074-4666x099,25,Male,Mumbai
5,Grace Reeves,qknox@example.com,428.241.7248x25135,42,Other,Pune
6,Seth Fisher,nathan94@example.com,709-991-7381,29,Female,Mumbai
7,Jane Evans,pittsedward@example.org,697-252-1752x50074,62,Other,Ahmedabad
8,Raymond Johnston,tracygallagher@example.org,(966)667-6008,24,Male,Mumbai
9,Jake Smith,katherine83@example.org,+1-033-542-1689x42104,58,Female,Pune
10,Joy Meyer,ryan25@example.com,(326)033-2309x821,52,Other,Mumbai
11,Matthew Johnson,kelsey90@example.net,1001676184,61,Female,Delhi
12,Christian Neal,turnerdorothy@example.net,499.261.8914x11739,49,Male,Jaipur
13,Dennis Mills,michaelortiz@example.org,8737530011,27,Male,Ahmedabad
14,Maureen Hernandez,chancharles@example.net,437-447-0120,44,Male,Hyderabad
15,Heather Rhodes,grodgers@example.org,2255794155,50,Other,Delhi
16,James Rivers,mary76@example.net,(120)216-9797,25,Female,Bangalore
17,James Howard,huffmannichole@example.net,(771)670-1450,26,Male,Bangalore
18,Megan Saunders,tiffanysantiago@example.com,891.637.5628x90028,53,Male,Bangalore
19,Sarah Booth,waltonmalik@example.com,083-866-3177x971,29,Other,Bangalore
20,Jillian Wilson,bmcgee@example.org,(608)801-9948x8375,36,Male,Jaipur
21,Anthony Walker,xrivera@example.net,+1-757-113-0554x885,35,Female,Kolkata
22,Amber Martin,lydianewton@example.com,493-316-3735,27,Other,Hyderabad
23,Jason House,bartonshannon@example.net,001-827-080-8697,40,Other,Surat
24,Priscilla Kent,jessicaanderson@example.com,+1-995-866-9346x54722,56,Female,Mumbai
25,Michael Goodman,megan85@example.net,001-833-394-5228x8515,18,Female,Delhi
26,Lauren Bender,icraig@example.com,(081)062-0034x24420,20,Other,Jaipur
27,Elizabeth Molina,howardshaun@example.net,+1-838-638-4066x65800,35,Female,Surat
28,Christina Melton,ogreer@example.net,001-598-933-4721x228,25,Male,Kolkata
29,Andrew Ramirez,david94@example.org,720-259-0947x98515,24,Other,Delhi
30,Tina Meyer,robertherrera@example.org,(335)554-3987x801,33,Female,Mumbai
31,Jill Conway,susanfleming@example.com,(164)840-8588x7704,38,Male,Kolkata
32,Cheryl Palmer,jacksonstephanie@example.net,+1-013-361-3861,46,Male,Bangalore
33,Brittany Stevens,benjamin10@example.org,819-346-6766x506,59,Other,Surat
34,Kimberly May,avilabrenda@example.net,581-449-1476,26,Male,Pune
35,Matthew Wells,derekmyers@example.net,245-088-2100x9968,36,Male,Kolkata
36,Angela Clark,jason82@example.org,(394)312-9087,49,Other,Mumbai
37,Angel Powers,corey97@example.com,(231)491-3577x594,56,Female,Jaipur
38,Brittany Knight,susan20@example.com,364.525.7775,33,Male,Bangalore
39,Katelyn Rodriguez,wilkinsonmichele@example.org,+1-341-108-0996,52,Male,Delhi
40,Christy Johnson,amy87@example.net,001-256-394-2788x16580,19,Female,Delhi
41,Sarah Drake,katherinetaylor@example.org,(992)750-3731,57,Female,Kolkata
42,David Barnett,paul70@example.org,+1-518-449-8926x6591,33,Female,Delhi
43,Jamie Solomon,wgomez@example.com,908.272.3184x3222,57,Female,Bangalore
44,Mitchell Wilson,robertrivera@example.org,773.926.0302x9922,50,Male,Chennai
45,Amanda Armstrong,jacksonsandra@example.net,(990)413-7977x2369,36,Female,Jaipur
46,Kevin Saunders,gary57@example.net,001-136-621-0388,44,Female,Chennai
47,Samantha Jacobs,thomasmendez@example.org,+1-811-729-8068,64,Other,Bangalore
48,Shaun Wolfe,zperez@example.com,001-659-916-2473x14986,53,Male,Bangalore
49,Aaron Manning,lanedavid@example.org,(356)512-6944x8695,23,Other,Jaipur
50,Wendy Sanders,robertbowers@example.com,(588)744-9562,61,Other,Surat
51,Mary Adkins,klogan@example.org,865.890.2601,32,Male,Pune
52,Kaitlyn Burke,brownjeffrey@example.org,+1-066-984-9027x703,32,Female,Ahmedabad
53,Tara Holmes,arthurgreene@example.net,001-392-053-0214x656,53,Other,Mumbai
54,Curtis Smith,calhounandrea@example.net,+1-955-439-3769,61,Male,Ahmedabad
55,Christopher Hunter,gordonmatthew@example.org,489.476.9735x77907,53,Other,Delhi
56,Austin Schultz,ericahall@example.com,(588)043-4165x18275,60,Male,Delhi
57,Steven Adams,victorgonzalez@example.net,433.339.5211,32,Other,Surat
58,Megan Alvarado,duranamber@example.org,595.794.7284x6392,64,Other,Ahmedabad
59,Robert Mendoza,shawphillip@example.net,001-271-875-0036x91559,34,Male,Pune
60,Chelsea Baker,thomas95@example.com,(763)655-6472,56,Other,Mumbai
61,Veronica Parks,lelinda@example.net,(632)270-2672x88574,38,Female,Jaipur
62,Scott Williams,vaughnbrian@example.com,175.455.8845x0615,38,Female,Ahmedabad
63,Tracey Gonzalez,tiffanymitchell@example.com,+1-877-169-4722x56996,41,Other,Surat
64,Andrea Martin,lawrencedelgado@example.net,964-759-8762x202,37,Other,Mumbai
65,Mary Shepard,clarkrandy@example.org,780-068-1149,52,Female,Bangalore
66,Matthew Mcclure,jerome47@example.net,(282)005-5778,54,Other,Mumbai
67,Kimberly Taylor,brittanybryant@example.net,+1-968-845-7831x7456,44,Other,Pune
68,Eric Smith,mauriceharrison@example.org,001-774-064-9308x536,54,Other,Mumbai
69,Jessica Wright,oclayton@example.com,638-944-8463,62,Female,Kolkata
70,Catherine Roberts,rwilliamson@example.net,+1-735-020-8021x442,27,Other,Surat
71,Monica Hall,alexisrobinson@example.com,757-051-2046x1872,52,Female,Mumbai
72,Ryan Roth,martinezkayla@example.org,(730)371-8376x4520,42,Male,Mumbai
73,Krista Martinez,mlittle@example.com,3136502491,42,Female,Pune
74,David Novak,jbarker@example.com,001-132-719-5005x28127,47,Male,Hyderabad
75,William Kramer,linda73@example.org,001-652-407-7848x739,46,Female,Kolkata
76,Gregory Oconnor,mikayla98@example.org,827-448-5708,46,Male,Delhi
77,Cody Smith,kimberly35@example.net,863-878-2945,43,Female,Bangalore
78,Frank Davis,williamssharon@example.org,3173109678,46,Female,Delhi
79,Leslie Williams,catherinejones@example.org,+1-717-058-6509x4801,32,Female,Jaipur
80,Angela Lewis,garciajerry@example.com,383.928.8619,22,Female,Surat
81,Jimmy Ortega,jacksonhenry@example.com,528.975.5855x66593,53,Male,Bangalore
82,Cindy Cannon,michael77@example.com,0490824043,40,Male,Mumbai
83,Ethan Ingram,samantha88@example.net,001-210-752-2459,50,Female,Hyderabad
84,David Evans,ncarroll@example.net,572-791-9409,48,Other,Pune
85,Richard Weeks,michael66@example.org,001-390-604-8058x92583,57,Other,Bangalore
86,Michael Osborn,kmullins@example.net,364-622-5179,58,Other,Pune
87,Kimberly Baker,xshaw@example.net,(278)376-9389,36,Female,Chennai
88,Kelly Allen MD,kmorris@example.org,665-535-5904,47,Female,Bangalore
89,Gregory Underwood,chanson@example.org,352.110.3924,38,Male,Jaipur
90,Michael Rodriguez,vruiz@example.org,001-833-884-8792x0698,36,Other,Bangalore
91,Christopher Campbell,brian01@example.com,+1-451-046-3681x57981,33,Other,Bangalore
92,Jonathan Ellis,williamssandra@example.com,762-055-5438x40460,34,Male,Hyderabad
93,Tiffany Perez,penny21@example.net,(893)639-2649x5782,37,Other,Mumbai
94,Charles Weaver,michelleparker@example.net,262.925.1881x25205,20,Female,Delhi
95,Jennifer Jenkins,oreese@example.net,231-220-9949x993,47,Other,Bangalore
96,Crystal Johnson,wattsthomas@example.net,+1-752-677-2233x060,37,Male,Kolkata
97,Tiffany Walker,katherinejones@example.com,+1-757-366-0965x699,39,Male,Pune
98,Kelly Liu,meyershannon@example.org,886.086.8034,56,Male,Kolkata
99,Stephen Ayala,steven64@example.net,8277181298,52,Female,Kolkata
100,Jason Hayes,shawnmosley@example.org,145.211.1751x868,47,Female,Surat
101,Caitlin Pierce,taterhonda@example.net,+1-222-206-4474x21230,19,Female,Bangalore
102,Dawn Ellis,astephens@example.net,339.776.7199x0384,49,Other,Pune
103,Kristin Bryan,lopezbrian@example.com,2099451016,18,Male,Chennai
104,Candace Mitchell DDS,tammycurry@example.com,1455616814,28,Female,Ahmedabad
105,Bryan Villarreal,alison83@example.net,901.981.7946,21,Male,Hyderabad
106,Emily Fox,sara99@example.com,772.934.3010x71396,32,Other,Bangalore
107,Gene Castro,alexharris@example.com,144-885-0155x699,57,Female,Surat
108,Sandra Lee,sandra77@example.org,+1-272-785-7608x4958,36,Female,Bangalore
109,Christine Jennings,carl24@example.org,682-996-2914x50461,32,Male,Kolkata
110,David Hayes DVM,aliciathompson@example.com,3178078235,58,Other,Bangalore
111,Morgan Mills,douglas18@example.net,(307)681-0409,51,Female,Hyderabad
112,Felicia Small,meyerdonna@example.com,9435334485,20,Female,Mumbai
113,Megan Nelson,joshuasmith@example.net,+1-813-858-5424,26,Other,Pune
114,Carolyn Collins,amber02@example.org,016.016.6299x7954,43,Male,Surat
115,Craig Chang,beltrankatelyn@example.com,001-217-174-7733,56,Male,Ahmedabad
116,Steven Scott,philip55@example.com,017.157.7245x9928,28,Male,Ahmedabad
117,Robert Robles,angela14@example.net,696.393.8276x153,36,Male,Surat
118,Leslie Mueller,vbradley@example.net,001-321-971-9975x817,26,Male,Mumbai
119,Tyler Jones,jenningscandace@example.com,701-329-0227x84699,37,Male,Pune
120,Daniel Rich,ashley46@example.net,(190)986-2405x800,47,Other,Bangalore
121,Samantha Howard,michelle36@example.net,001-656-666-8327,25,Female,Hyderabad
122,Justin Bridges,mary24@example.net,(201)027-6212,55,Male,Pune
123,Jennifer Bryant,dhanson@example.net,(876)532-6909x73846,42,Other,Hyderabad
124,Laura Johnson,carrolljanet@example.org,001-712-847-8189,48,Male,Pune
125,John Harmon,suttonamber@example.net,905-807-7879x5654,32,Male,Kolkata
126,Andrew Livingston,jessica94@example.org,+1-792-904-9047x1281,20,Male,Delhi
127,Diana Anderson,joshua40@example.net,929-275-2437,32,Other,Bangalore
128,Joseph Johnson,coffeycaitlin@example.org,663.723.9504x1027,50,Male,Chennai
129,Eric Reese,noahthornton@example.com,286-047-6580x185,52,Female,Mumbai
130,Jessica Hull,matthew41@example.com,+1-967-393-8525x8001,29,Male,Mumbai
131,Brent Garcia,ubell@example.com,300-910-9391x119,44,Male,Surat
132,Matthew Yoder,pauladominguez@example.com,717-465-4214x0665,21,Male,Surat
133,Deanna Hess MD,vasquezsarah@example.net,(271)286-3917x4101,33,Other,Hyderabad
134,Nicholas Waters,mosleyeduardo@example.net,0642569087,31,Female,Surat
135,Jared Luna,fernandezaaron@example.net,001-719-855-4601x58517,32,Female,Surat
136,Donna Harris,poncedonna@example.com,001-615-717-3203x093,49,Male,Surat
137,Arthur Fernandez MD,blevy@example.org,050-613-8782x93102,21,Male,Mumbai
138,Alec Meadows DDS,jacquelineanderson@example.org,+1-041-792-9111x7993,59,Male,Bangalore
139,Dale Rogers,rnguyen@example.net,+1-253-092-5114,63,Other,Kolkata
140,Jason Horton,samuelfrost@example.org,(196)207-1002,45,Male,Pune
141,Michelle Wheeler,robert72@example.org,(487)632-9092,27,Male,Kolkata
142,Lisa Miller,michael08@example.org,181.958.8373,42,Other,Chennai
143,Cory Hogan,kjimenez@example.net,0543645970,62,Female,Delhi
144,Anthony Medina,kristenwashington@example.org,379-956-3531,50,Other,Kolkata
145,Brent Rojas,nicholaswalker@example.com,001-706-239-7265,40,Other,Chennai
146,Nathan Chen,james20@example.net,001-042-177-6253,18,Other,Ahmedabad
147,Lindsey Clarke,belindatran@example.org,687-397-7406,55,Other,Bangalore
148,Danielle Murphy,patriciavargas@example.org,001-060-078-0686,32,Male,Chennai
149,Robert Nicholson,fsimpson@example.net,001-063-254-3107x42799,40,Other,Hyderabad
150,Jesse Ingram,xlopez@example.net,016.580.4649x893,26,Other,Hyderabad
151,Angela Gilmore,robertsonrenee@example.com,1657905528,23,Female,Ahmedabad
152,Kristina Ayala,tinaallen@example.org,+1-793-355-4864x0155,47,Other,Delhi
153,Jonathan Gallegos,rmckinney@example.net,795-137-1162x4112,36,Female,Pune
154,Michael Crawford,abigailburton@example.com,(827)567-0431x03856,36,Female,Chennai
155,Mary Buchanan,swatkins@example.net,+1-774-924-2437,33,Female,Mumbai
156,Dwayne Bruce,michaelbryant@example.org,+1-284-222-2310x592,65,Male,Surat
157,Jacob Harris,wadetiffany@example.org,(782)841-0672x752,36,Female,Hyderabad
158,Oscar Cantrell,deborah47@example.com,001-929-751-7028x14069,61,Other,Delhi
159,Jill Davis,franklinjames@example.net,430.187.1863,23,Other,Ahmedabad
160,Larry Hunt Jr.,raymond65@example.com,(045)547-8137x674,49,Female,Pune
161,Nicholas Hurst,ltaylor@example.net,234-785-1961,63,Female,Kolkata
162,Mark Nelson,angelapage@example.org,264.870.4947,21,Female,Bangalore
163,Julie Johnson,moorekevin@example.net,+1-714-627-3014x7195,60,Female,Pune
164,Krystal Oneill,hmccann@example.com,904.290.2572x52045,22,Male,Mumbai
165,Thomas Kelly,kelly18@example.org,001-219-285-5445x18952,54,Male,Jaipur
166,Joseph Watson,kjenkins@example.org,283.389.8881,23,Other,Kolkata
167,Thomas Wilson,sandramendoza@example.com,001-527-985-2401x322,48,Other,Mumbai
168,Elizabeth Clark,colemankathryn@example.org,076-031-0890,44,Other,Delhi
169,Terry Williams,elizabeth11@example.net,932.501.2495,64,Other,Mumbai
170,Scott Norman,williamjones@example.net,001-083-342-8013x87592,27,Male,Hyderabad
171,Tyler White,tina63@example.net,615.171.8275,22,Other,Delhi
172,Kristin Williams,tristan64@example.com,+1-473-864-6317x520,43,Female,Jaipur
173,Mrs. Ashley Kim DDS,wilsonralph@example.net,001-121-535-3961,61,Female,Mumbai
174,Jeff Porter,katelyn65@example.com,+1-967-842-7114x77320,42,Other,Ahmedabad
175,Anthony Jones,stantonpatrick@example.net,249-911-8773x47784,58,Female,Hyderabad
176,Rhonda Fernandez,cisnerosanthony@example.com,675-677-0028,39,Male,Bangalore
177,Peggy Dyer,travistaylor@example.net,(719)788-9778x2806,27,Male,Ahmedabad
178,Kevin Gray,katie45@example.org,9025590561,25,Other,Kolkata
179,William Jenkins,stanleyjohn@example.net,911-415-2085x0769,55,Male,Delhi
180,Jennifer Smith,uchapman@example.com,001-659-171-3578,26,Female,Jaipur
181,Mary Jackson,michael63@example.com,+1-183-440-4963x9191,64,Female,Jaipur
182,Denise Knight,wsimmons@example.org,+1-484-685-3664x9878,41,Female,Hyderabad
183,Albert Warner,barbaralewis@example.net,489.690.8357x232,49,Male,Delhi
184,Pamela Richard,eflores@example.net,644.249.3631,36,Male,Surat
185,Alexis Robles,steven86@example.com,+1-032-420-4482x0700,37,Male,Mumbai
186,Angela Guzman,lesterrichard@example.com,+1-162-319-8189x84713,20,Male,Hyderabad
187,Patricia Edwards,vshaffer@example.org,(321)234-7649x07851,47,Female,Hyderabad
188,Jeff Vega,natasha25@example.com,001-540-900-3486x451,54,Other,Surat
189,Cynthia Ramos,browningphillip@example.com,134-327-5604x1776,62,Male,Hyderabad
190,Faith Henderson,hollowayholly@example.net,569-857-0027,62,Other,Delhi
191,Brandy Morales,lee11@example.org,829.657.7242,31,Male,Chennai
192,Samantha Marsh,christopherrichardson@example.com,(930)089-3173x4206,45,Female,Surat
193,Lindsay Hernandez,george91@example.org,001-867-713-3344x762,60,Other,Jaipur
194,Daniel Lewis,jessica36@example.org,(204)439-7359x71072,42,Female,Surat
195,Valerie Sanders,jennifererickson@example.net,+1-411-800-5375x990,31,Male,Ahmedabad
196,Jonathan James,ilambert@example.net,9242875721,52,Other,Chennai
197,Joseph Thomas,edwardstiffany@example.com,564-494-8562x572,24,Female,Jaipur
198,Tammy Fields,jbrown@example.org,207.427.6170,30,Other,Ahmedabad
199,William Hoffman,uvasquez@example.org,513-422-8499,44,Female,Surat
200,Zachary Smith,robertjones@example.com,+1-150-416-5915x20177,22,Female,Hyderabad
201,Tyler Wheeler,riverabradley@example.net,592.304.5018x961,51,Male,Mumbai
202,Christopher Hanna,ndavis@example.org,(642)147-6492x5158,24,Male,Chennai
203,Jeremy Hughes,anna61@example.com,(926)610-8573x278,60,Male,Pune
204,Kelly Roberts,zmiller@example.com,224-386-4908x1081,40,Male,Pune
205,Jennifer Marshall,michael91@example.net,1722601645,43,Female,Bangalore
206,Jordan Santiago,matthew23@example.org,941-680-0610,45,Female,Hyderabad
207,John Holt,nturner@example.com,001-641-220-3103x037,41,Male,Bangalore
208,Marie Graham,christophercarrillo@example.org,601.227.7707x9334,49,Male,Chennai
209,Sandra Williams,garciamelanie@example.com,(799)840-7678x99730,38,Female,Hyderabad
210,Jennifer Stewart,adamsdeborah@example.com,795-760-2437,33,Female,Kolkata
211,David Robinson,sandra72@example.com,001-665-729-3417x2232,61,Female,Kolkata
212,Ashlee Perry,ntorres@example.net,0545228015,42,Other,Ahmedabad
213,Luke Martinez,tomchaney@example.com,001-084-289-1077x11991,44,Female,Jaipur
214,Amanda Garcia,pittsrhonda@example.org,001-478-712-5521x3760,46,Other,Chennai
215,Robert Peterson,christopherwatson@example.com,(328)632-6667x850,55,Female,Bangalore
216,Randy Robbins,millerleroy@example.org,(060)290-8466x84550,28,Female,Surat
217,Stephanie Bishop,isabellagriffin@example.org,+1-997-563-4108,36,Other,Kolkata
218,Neil Singh,abigailfernandez@example.org,884-852-0089,25,Male,Chennai
219,Ronnie Torres,hbenitez@example.net,5485101749,44,Other,Bangalore
220,Jody Bird,michaelmitchell@example.net,001-268-315-8935,38,Male,Pune
221,Charles Simmons,dmiller@example.com,(737)158-6988,55,Male,Surat
222,Shelby Silva,sbarajas@example.com,001-622-827-7288x1377,44,Female,Pune
223,Christopher Hansen,guzmanricky@example.org,(940)821-5454x470,52,Female,Delhi
224,Brenda Lawrence,zunigakevin@example.com,270.185.1067,27,Other,Mumbai
225,Krystal Mccullough,ualvarez@example.net,(287)772-5199,44,Male,Ahmedabad
226,David Foster,rubiopamela@example.net,120-948-1813x989,44,Other,Ahmedabad
227,Tina Boyd,bshaw@example.org,+1-820-433-9718x95690,29,Other,Hyderabad
228,Timothy Morgan Jr.,heathlogan@example.com,118-242-2412,65,Female,Mumbai
229,Jason Jackson,howard04@example.com,526-546-1033,57,Female,Surat
230,Laurie Vasquez,ravery@example.org,786-170-6304x89138,31,Female,Chennai
231,Beth Carroll,omiller@example.net,258.238.6870,26,Male,Bangalore
232,John Calderon,denise20@example.org,494.653.9840x2891,54,Male,Chennai
233,James Martinez,jessicalutz@example.com,985.547.4355,45,Other,Kolkata
234,Tyler Murphy,deborahsmith@example.com,0268768118,18,Male,Bangalore
235,Ronnie Powers,gomezlisa@example.net,(620)175-3703x045,30,Female,Ahmedabad
236,Robert Garrett,jimsnyder@example.com,4793036149,47,Other,Mumbai
237,Carolyn Lee,cameronanderson@example.org,(493)843-0894,36,Female,Ahmedabad
238,Sonya Smith,pdavidson@example.org,664-187-7580x30468,64,Other,Ahmedabad
239,Aaron Lee,beardlindsey@example.net,613.325.4110,26,Female,Delhi
240,Robert Watkins,mary31@example.com,505.831.9971,51,Female,Mumbai
241,Lauren Miller,rangelnicholas@example.net,207-049-6110,47,Male,Hyderabad
242,Elizabeth James,williamsonrobert@example.net,+1-907-676-9915x07859,32,Other,Surat
243,Brian Larson,watkinsmary@example.net,(845)679-7232,51,Male,Delhi
244,Amy Collins,ppalmer@example.com,982-274-9545x0892,36,Female,Jaipur
245,Jonathon Conley,hendersonjames@example.org,+1-315-377-9599x5946,61,Male,Hyderabad
246,Brian Walter,crawfordsamantha@example.net,379.337.5636,30,Female,Bangalore
247,William Cox,howardangela@example.org,739-500-3342x3425,62,Male,Surat
248,Danielle Gonzalez,meganlozano@example.org,+1-261-534-7355x28961,62,Other,Chennai
249,Stephen Anderson,jamesgray@example.com,963-099-3842x53042,38,Male,Pune
250,Tracy Blackwell,jessicamueller@example.net,+1-128-685-7872x558,49,Female,Ahmedabad
251,Michelle Simpson,bianca90@example.org,373.634.6692,18,Female,Hyderabad
252,Jacqueline Pierce,karenphillips@example.net,(390)789-5677x665,44,Other,Hyderabad
253,Emily Reyes,scottbaker@example.org,(148)881-4311x150,60,Male,Jaipur
254,Felicia Leonard,kevin43@example.net,+1-284-044-5669x078,45,Male,Mumbai
255,Tiffany Grimes MD,thomasblack@example.net,001-775-153-6637x78052,25,Male,Bangalore
256,Bethany Harding,porterdonna@example.com,366-684-5909x02259,27,Male,Mumbai
257,Lindsey Franklin,nbaird@example.com,863-715-9741,64,Other,Jaipur
258,Michael Thompson,mjohnson@example.org,(433)481-7058x0256,36,Other,Chennai
259,William Anderson,emendoza@example.com,234.672.9949,26,Female,Chennai
260,Mitchell Stevens,adrianthomas@example.org,(938)597-7790x1475,52,Male,Hyderabad
261,Michelle Evans,robertwhite@example.net,001-676-291-6032x4841,31,Female,Ahmedabad
262,Miranda Robinson,wjenkins@example.net,511-856-7243,61,Other,Pune
263,Julia Jones,vjames@example.com,600.412.5777,19,Other,Bangalore
264,Joshua Allen,rtaylor@example.org,(091)241-8621,62,Other,Surat
265,Alexandra Nelson,nhoward@example.net,8370816470,43,Female,Delhi
266,Amber Bennett,sarahbrooks@example.org,106.005.3131,62,Male,Pune
267,Sandra Jackson,bradleyhunt@example.com,839-386-6133x15520,18,Female,Chennai
268,Eugene Price,qrobinson@example.com,+1-950-136-4971x8924,56,Female,Pune
269,Lindsay Jarvis,xgregory@example.net,(525)715-0997,56,Male,Mumbai
270,Martin Hall,hallchristina@example.org,363-910-2574x3263,53,Female,Pune
271,Cynthia Swanson,vstevenson@example.org,508-640-3553x380,35,Other,Mumbai
272,Mary Wright,cathyjames@example.com,(701)713-0232,25,Male,Bangalore
273,Kevin Guerra,joelmiller@example.net,423.362.9344x973,34,Other,Kolkata
274,Richard Miller,raymond27@example.com,(896)270-6614x98282,23,Other,Hyderabad
275,John Chavez,ehart@example.org,273-230-0857x66656,41,Male,Mumbai
276,Martin Chapman MD,riddledavid@example.net,(364)587-5066,22,Male,Kolkata
277,Dana Johnson,crystal02@example.com,+1-724-399-2011x669,36,Female,Delhi
278,Angela Kent,bmartin@example.com,001-488-694-6119x524,48,Female,Jaipur
279,Tara Sanders,adam27@example.org,168-646-2252,63,Other,Mumbai
280,Christina White,hayeslisa@example.org,023.467.9121,52,Male,Hyderabad
281,James Hill,anthony37@example.com,+1-100-409-0138x06984,51,Other,Jaipur
282,Kara Rogers,rrogers@example.com,356-690-5510x76209,54,Other,Mumbai
283,Joseph Tapia,miguelmontgomery@example.net,863.050.5057x3976,36,Female,Delhi
284,Rebecca Bailey,shatfield@example.org,001-649-328-9802x7148,21,Female,Mumbai
285,Mrs. Stephanie Friedman,pbates@example.org,211.602.5643,35,Male,Delhi
286,Mary Lynn,wadesandra@example.net,001-715-399-1566x8633,40,Female,Pune
287,Earl Rodriguez,joy31@example.net,(256)904-0983x665,50,Female,Delhi
288,Rebecca Peck,aprilguzman@example.org,608-752-4377,61,Male,Kolkata
289,Drew Burgess,georgekyle@example.net,497-374-6052,30,Other,Delhi
290,Christine Oconnor,isabellawilliams@example.org,642.086.5675x6618,35,Other,Hyderabad
291,Diane Leblanc,udavis@example.net,4729277423,48,Female,Ahmedabad
292,Paul Moss,coxmelissa@example.org,+1-266-201-5720x18596,38,Female,Jaipur
293,Lori Powell,wilsonrandy@example.com,001-926-176-4750x111,21,Male,Mumbai
294,Martin Kerr,andrewberry@example.net,419.267.6492x1518,57,Other,Mumbai
295,Robert Smith,lbrown@example.net,001-131-292-0875x102,24,Female,Jaipur
296,Marissa Miller,melissa01@example.org,458.260.3408x48729,38,Female,Chennai
297,Erik Bartlett DVM,haileybates@example.org,032.432.9839,46,Male,Ahmedabad
298,Carl Dean,piercejorge@example.net,(671)462-8314,46,Other,Chennai
299,Melissa Lee MD,roberthernandez@example.com,(093)141-8186x1515,20,Male,Surat
300,Paula Thomas,joshuagarcia@example.org,(112)849-7185x9484,20,Male,Ahmedabad
301,Stephanie Jackson,zwhite@example.net,+1-889-679-2408x22269,60,Male,Pune
302,Amy Swanson,jasmine39@example.com,001-727-578-4468x341,56,Other,Jaipur
303,Jennifer Edwards,walterschase@example.org,290-148-7068,59,Other,Hyderabad
304,Breanna Jimenez,sullivanchristina@example.net,6853890972,48,Other,Delhi
305,Sierra Mills,gregoryrichardson@example.org,506.762.5153x81447,45,Male,Delhi
306,Daniel Rojas,trobinson@example.net,079.705.0975x45105,41,Other,Pune
307,Charlotte Gomez,jordanjames@example.net,261.702.4376x54562,45,Other,Pune
308,Debra Mayo,wmartin@example.net,(053)134-0266x50237,25,Male,Surat
309,Victoria Wilson,zpierce@example.net,001-256-862-1102x258,54,Female,Pune
310,Michael Williams,russell90@example.com,447.163.9282x3414,46,Female,Surat
311,Danielle Hoover MD,hayneswayne@example.org,923.126.0432,65,Other,Jaipur
312,Luis Davis,jamesalicia@example.net,+1-335-670-8604x1454,30,Other,Hyderabad
313,Michelle Wright,whiteaaron@example.net,001-534-749-1624x7554,28,Female,Delhi
314,Michael Vega,markfigueroa@example.com,001-989-534-3961x1291,48,Male,Kolkata
315,Warren Henson,jamesgriffin@example.org,895-473-8202,19,Female,Jaipur
316,Joshua King,patricia71@example.com,768-802-9424,31,Female,Hyderabad
317,Keith Bauer,joysanders@example.net,+1-812-786-8669,34,Female,Jaipur
318,Clinton Moore,brittanysmith@example.net,884.434.4812x308,22,Other,Kolkata
319,Andrew Hernandez,sara40@example.net,381.059.5518,45,Female,Ahmedabad
320,Casey Villanueva,mark00@example.com,424.089.1649,63,Male,Jaipur
321,Ruth Walker,james62@example.com,652.717.2722,41,Male,Kolkata
322,John Blair,andrew22@example.com,+1-931-216-3761x82091,33,Male,Surat
323,Alex Serrano,andersonkayla@example.com,(900)185-1327,59,Other,Jaipur
324,Stephanie Ochoa,martin23@example.org,+1-481-001-8418,28,Female,Bangalore
325,Jennifer Smith,andrewsimmons@example.org,(436)172-1314x519,42,Female,Bangalore
326,Isaac Middleton,huangcassandra@example.org,(859)262-4945x14754,24,Female,Ahmedabad
327,Michelle Jones,hensleytiffany@example.net,(526)771-1964,39,Other,Mumbai
328,Frank Anderson,fgomez@example.com,695.236.6878x8788,22,Other,Kolkata
329,Janice Carpenter,xrose@example.net,001-313-503-0587x2105,52,Female,Pune
330,Samuel Osborne,kenneththomas@example.net,(333)021-2606x50191,45,Other,Ahmedabad
331,Kirk Moore,michaelmiller@example.org,9622728476,56,Male,Mumbai
332,Jill Newman,mitchelleric@example.net,9282066784,30,Male,Bangalore
333,Kathryn Fletcher,rhuynh@example.org,623.690.3628x91775,50,Female,Hyderabad
334,Jennifer James,prattdeborah@example.org,111-595-0342x811,28,Female,Bangalore
335,Adam Browning,andrealittle@example.org,419.909.7005,48,Female,Pune
336,Eric Hooper,susan83@example.com,001-652-156-8182x09679,55,Other,Hyderabad
337,Amanda Martin,omiller@example.org,001-332-288-9857x254,34,Female,Delhi
338,Scott Jordan,nallen@example.net,297-102-4817,58,Female,Mumbai
339,Erik Villa,carlosray@example.com,127-474-7219,28,Female,Bangalore
340,Jack Mitchell MD,scotthunt@example.net,516-874-0903x80214,51,Female,Chennai
341,Kelly Nash,paulford@example.org,(778)711-2166x365,45,Male,Hyderabad
342,Grant Munoz,jacquelinealvarez@example.com,082.723.5909x605,18,Other,Ahmedabad
343,Veronica Lewis,mirandacisneros@example.net,(442)121-4614x76834,30,Male,Jaipur
344,Anthony Jacobson,wpeterson@example.com,(356)778-2659,54,Female,Bangalore
345,Adam Logan,christiancontreras@example.net,(550)272-7516,64,Male,Ahmedabad
346,Nathan Mcneil,cynthiafowler@example.net,033-682-9635,32,Other,Bangalore
347,Corey Frazier,woodmichael@example.com,817-766-5586x8512,48,Female,Ahmedabad
348,Jake Tran,amyjames@example.net,001-649-111-1096x179,47,Other,Delhi
349,Ariana Wallace,contrerasmelissa@example.org,786.137.1576,25,Other,Chennai
350,Maria Mueller,xsmith@example.org,444.463.0600x02589,26,Female,Bangalore
351,Christopher Armstrong,zallen@example.org,+1-609-626-2658x263,62,Other,Ahmedabad
352,Robert Gordon,ocameron@example.com,+1-253-110-6092,59,Other,Pune
353,Michael Knapp,armstronganthony@example.net,(752)334-3836,30,Male,Surat
354,Mary Hill,courtneylittle@example.net,179-112-4421,21,Male,Ahmedabad
355,Ryan Durham,peterhenry@example.org,(171)366-5722x40299,23,Male,Delhi
356,Autumn Cooper,timothy99@example.net,2841390808,21,Male,Chennai
357,Brittany Camacho,roachanthony@example.org,124.473.1584,27,Male,Chennai
358,Robert Graham,qnielsen@example.org,461.994.2376,61,Female,Ahmedabad
359,Jessica Burgess,cindy96@example.com,955.172.0849,31,Other,Mumbai
360,Larry Wiley,raymond12@example.com,(253)135-5251x05053,40,Other,Ahmedabad
361,Robert Roach,cruzcarolyn@example.net,184.919.6655,62,Other,Ahmedabad
362,Anthony Snyder,mooneyrobert@example.org,295.963.9040x907,48,Male,Surat
363,Ryan Powell,rogersallen@example.com,644-556-1857,63,Female,Delhi
364,Jennifer Horton,psnyder@example.org,(910)300-2156x321,61,Other,Surat
365,Steven Wood,villamiranda@example.com,1041459642,58,Female,Delhi
366,Lauren Wilson,michelle96@example.net,188.397.7457x314,42,Female,Surat
367,Michelle Gomez,donnamoss@example.org,001-117-030-3763x715,45,Female,Pune
368,Kevin Rose,kathleen47@example.net,(812)356-7983,43,Female,Pune
369,Chelsea Ramirez,ginalynn@example.net,+1-127-113-0724x0787,36,Male,Surat
370,Bryan Pierce,ryan26@example.net,(850)745-1066x34362,57,Other,Pune
371,Kendra Snyder,drodriguez@example.net,131.009.4318,51,Male,Hyderabad
372,Darrell Oliver,gmyers@example.org,001-473-235-4940x1289,36,Female,Mumbai
373,Eric Knox,georgemaldonado@example.org,(572)076-5024,19,Other,Kolkata
374,Carolyn Wolf,wheelertara@example.net,7371009438,27,Male,Chennai
375,Nicole Rowe,torresjill@example.com,584.745.7054x5897,26,Other,Pune
376,Michael Chandler,hernandezrobert@example.org,+1-257-039-6531x36148,61,Other,Kolkata
377,Joann Mullen,josephshelton@example.com,(964)430-9859x1679,30,Female,Surat
378,Rebecca Roberts,portergina@example.com,+1-284-982-4741x40703,30,Other,Bangalore
379,Kevin Brown,adam50@example.org,254-882-1423x691,26,Male,Surat
380,Andrew Fitzpatrick,lisawalsh@example.com,(144)942-9659x2342,22,Female,Hyderabad
381,Curtis Torres,ashley78@example.org,(612)875-8575x6766,57,Other,Mumbai
382,Thomas Johnson,idavis@example.net,398-529-8940x6260,47,Male,Kolkata
383,Phillip Holmes,millerjoseph@example.net,591-497-5019,62,Female,Ahmedabad
384,Nancy Brown,zacharyhart@example.com,(324)407-9311,60,Male,Pune
385,Larry Martinez,wrightdale@example.org,760.146.7238x49791,21,Male,Kolkata
386,Mark Lopez,georgeharmon@example.net,774.419.7546,49,Other,Surat
387,Robert Marshall,shernandez@example.com,960-940-9705,25,Male,Kolkata
388,Julie Sharp,albert25@example.net,358.681.2259x57244,20,Other,Delhi
389,Andrea Franco,ebennett@example.net,+1-298-842-5995x99610,20,Male,Pune
390,Nicholas Hall,portererin@example.com,001-331-266-1094x10175,63,Male,Pune
391,Sara Mclean,daniel76@example.org,+1-983-347-7433x2683,18,Male,Jaipur
392,Alexander Moyer,harrislisa@example.org,(698)152-8733x978,20,Male,Pune
393,Luke Hansen,lauriegonzales@example.net,(191)284-1173x0985,40,Other,Surat
394,Roberto Roberts,peter51@example.org,189-389-8469x0819,63,Male,Chennai
395,Thomas Baker,johnsonrobert@example.org,023-850-3719x90516,47,Female,Surat
396,Lisa Miller,rpotts@example.net,1078356743,47,Other,Hyderabad
397,Anthony Ayala,amandadalton@example.net,+1-087-066-2668x21719,32,Female,Chennai
398,Mrs. Cheryl Kim,allenchristopher@example.org,689.003.0102,50,Other,Hyderabad
399,Douglas Edwards,whitneyanderson@example.com,111.483.7537x4584,40,Female,Delhi
400,Dana Orozco,heidi81@example.org,(697)413-2834x831,56,Male,Delhi
401,Robert Thomas,hollysantos@example.com,070-449-6410,36,Other,Pune
402,Leonard Simpson,ccruz@example.org,626.804.0850,48,Other,Delhi
403,Nicole Rogers,lisa93@example.org,966-018-6487x69984,34,Female,Hyderabad
404,James Reese,davidsmith@example.net,138-459-6094x544,63,Other,Pune
405,Rhonda Franklin,parkerdonna@example.com,(770)707-0578,58,Female,Chennai
406,Anthony Mcmillan,penny85@example.org,244.472.3229x031,61,Male,Bangalore
407,Cathy Hunter,criley@example.net,001-304-405-8093x511,19,Male,Delhi
408,Ashley Jones,markwatson@example.net,(164)205-9556x57490,49,Other,Bangalore
409,Andrew Conrad,rodriguezjason@example.com,895.369.0261x13989,60,Female,Pune
410,Morgan Ryan,abbottallison@example.org,+1-788-754-3943x535,41,Male,Jaipur
411,Ethan Compton,seanrosario@example.com,(158)815-7937x639,27,Female,Pune
412,Victoria Frost,kimberlyrussell@example.net,+1-294-455-1166x82973,52,Female,Chennai
413,Sherri Smith,barneskathy@example.net,120.602.1288x6652,55,Male,Ahmedabad
414,Justin Joseph,rogersmallory@example.com,001-991-015-7676,60,Male,Chennai
415,John Taylor,jenniferlawrence@example.net,209-957-6572,18,Male,Mumbai
416,Leah Duffy,halltrevor@example.org,001-889-864-5652,62,Other,Bangalore
417,Amanda Landry,russellramirez@example.net,154-214-4773x24491,19,Other,Pune
418,Mary Thomas,andrearomero@example.org,9088307053,60,Male,Delhi
419,Travis Simmons,dmeyer@example.com,176-741-2415,37,Other,Pune
420,Natasha Walker,murphywilliam@example.com,815.061.8538x003,19,Female,Delhi
421,James Hahn,josephhernandez@example.org,001-742-318-3061x7893,55,Male,Jaipur
422,Amanda Watts,pwelch@example.net,(782)434-7769x587,39,Female,Hyderabad
423,Daniel Mccarty,robert75@example.org,+1-612-751-5627x79630,27,Female,Delhi
424,Jordan Wu,xbrown@example.com,566-766-4047x350,43,Other,Hyderabad
425,Jason Armstrong,amandachan@example.org,+1-952-980-0615x581,64,Male,Hyderabad
426,Kelly Cox,traciemassey@example.com,001-342-556-3830x008,33,Female,Pune
427,James Washington,justinjohnson@example.net,001-304-166-2411x18600,59,Male,Pune
428,Kimberly Ellison,fitzgeraldlaura@example.org,+1-456-804-4731x497,56,Other,Hyderabad
429,Jeffrey Walker,ehoffman@example.com,001-883-607-6581x739,18,Male,Mumbai
430,Jennifer Hall,thomas14@example.com,(118)237-9312,21,Other,Mumbai
431,Ryan Mills,briansnyder@example.com,520-599-6043x8787,55,Male,Jaipur
432,Matthew Morris,vrobertson@example.net,161-620-2812,56,Other,Hyderabad
433,Sergio Wilson,osimpson@example.net,286.604.1644x8595,22,Other,Ahmedabad
434,Carol Roberts,leahcrane@example.com,947.735.2287x05622,51,Male,Mumbai
435,Willie Smith,jamesdavis@example.com,109-792-1583x50344,37,Other,Mumbai
436,Shawna Silva,michael64@example.net,+1-319-213-4249,29,Other,Hyderabad
437,Robert Matthews,xrivera@example.net,+1-497-320-3319x222,39,Other,Chennai
438,Aaron Miller,taylorlindsay@example.com,+1-754-813-8666x75485,22,Female,Jaipur
439,Sophia Wilkinson,soniabass@example.net,(687)741-8652,56,Male,Surat
440,Jacob Owens,jessica39@example.net,652.037.5830,61,Male,Surat
441,Erin Bartlett,wesley09@example.com,4760440907,65,Male,Mumbai
442,Lynn Henry DDS,johnsonanthony@example.net,(221)610-7051,34,Other,Hyderabad
443,Diamond Phelps,cookemily@example.com,001-295-806-6013x824,58,Female,Pune
444,Jeremy Hill,haleyortiz@example.net,001-044-851-5791x9711,45,Male,Hyderabad
445,Catherine Miller,brittany02@example.org,571.343.2406,44,Female,Bangalore
446,Cassandra Taylor,robert34@example.org,(447)417-5955,52,Other,Mumbai
447,Kelly Gallegos,benjamindavenport@example.com,(893)654-3588,50,Male,Bangalore
448,Rebecca Davis,jonathanmcdonald@example.org,827-279-5596,26,Other,Pune
449,Stephanie Morris,sotomisty@example.org,(675)512-5427,51,Male,Kolkata
450,Nicole Gonzales,swatkins@example.com,001-673-459-5764x0381,54,Female,Ahmedabad
451,Raymond Finley,kwatkins@example.net,(498)392-2501,62,Female,Ahmedabad
452,Ralph Solis,dfoster@example.org,+1-232-441-2336x13285,18,Female,Hyderabad
453,Christopher Garcia,ehale@example.net,(731)625-2654x6968,22,Male,Mumbai
454,John Yang,walkercharlotte@example.org,(558)099-6132x730,40,Other,Jaipur
455,Jeffrey Morgan,ronaldmitchell@example.com,+1-704-622-6817x15160,31,Other,Hyderabad
456,Carl Hunter,psmith@example.net,(604)641-9785x7585,18,Other,Pune
457,Christopher Coleman,fberg@example.org,5943897607,49,Male,Surat
458,Bryan Burns,brendan95@example.com,(540)842-4560x75409,46,Other,Jaipur
459,Nicholas Schmidt,fwright@example.net,227-645-7938,36,Male,Delhi
460,Amanda Nguyen,thomastiffany@example.net,681-546-6024,53,Other,Delhi
461,Natalie Miller,ysanford@example.org,001-449-883-0597,65,Female,Bangalore
462,Timothy Hill,joshuapowers@example.net,(244)063-0624x4795,60,Female,Surat
463,Danny Fletcher,bryceroberts@example.net,+1-796-958-6780x555,32,Female,Pune
464,Jeremy Murray,sclark@example.org,+1-646-091-7851x38544,64,Female,Mumbai
465,Jocelyn Mcdonald,colleenjackson@example.com,001-660-487-3682,64,Male,Pune
466,Travis Martinez,hrobinson@example.net,226-865-3694x5515,49,Female,Ahmedabad
467,Kim Perez,dsimpson@example.com,226.408.5721x696,62,Male,Jaipur
468,Jennifer Fields,dillonharvey@example.org,+1-960-593-2971x509,49,Female,Pune
469,Martha Arnold,melissamartin@example.com,001-327-352-4103x9773,26,Other,Jaipur
470,Jill Allen,teresaporter@example.org,+1-523-710-0687x616,52,Male,Pune
471,Sophia Medina,gonzalesmaria@example.org,605-687-6112x4912,33,Female,Jaipur
472,Matthew Thomas,lauraclark@example.org,177-345-4757x49490,51,Other,Kolkata
473,Brittany Roberts,nicoleelliott@example.net,429-477-4222x9464,19,Male,Pune
474,Alyssa Lewis,eddie04@example.com,001-886-792-5298x5856,58,Male,Ahmedabad
475,Karina Jackson,ythompson@example.org,+1-153-433-2491x35779,43,Male,Surat
476,Susan Larsen,judithcox@example.org,(158)148-8810x7983,28,Male,Pune
477,Robert White,jeremylove@example.org,9484131284,45,Female,Ahmedabad
478,Darren Willis,imarshall@example.org,137-171-7318x93974,50,Other,Jaipur
479,Lauren Callahan,cortezscott@example.net,997.046.9472,18,Other,Hyderabad
480,John Campbell,joseph83@example.com,884-712-7058x772,46,Other,Pune
481,Philip Chambers,schaeferscott@example.net,+1-823-133-4845x87149,23,Female,Kolkata
482,Michael Morris,katiefloyd@example.org,+1-258-796-4347x452,28,Male,Jaipur
483,Nicholas Calderon,shannon69@example.com,001-606-065-2740x33445,59,Other,Jaipur
484,Jeffrey Reyes,laurenwilliamson@example.com,113-257-9706x734,56,Male,Ahmedabad
485,Ms. Amy Brown,joshua57@example.com,721-562-2949,36,Other,Surat
486,Brandon Sanchez,angela40@example.org,001-155-732-5737x55344,33,Female,Surat
487,Tasha Taylor,zsimmons@example.com,8085096085,52,Male,Bangalore
488,Katherine Andrews,navarroannette@example.net,001-182-819-7931x64772,38,Female,Surat
489,Angel Holland,shawn60@example.com,001-409-600-3562,48,Female,Ahmedabad
490,Daniel Craig,amanda39@example.com,001-923-234-2108x902,27,Female,Kolkata
491,Tina Murphy,sarah33@example.com,(643)350-2716,56,Female,Pune
492,Sean Dickerson,omargriffin@example.com,369.112.8981,36,Male,Jaipur
493,Daniel Shepard,kara56@example.org,185.748.1700,30,Other,Kolkata
494,Jason Nixon,gomezsonya@example.org,(431)670-4502x32902,65,Other,Mumbai
495,Brenda Harrison,brownleah@example.net,+1-459-626-2282x25120,38,Male,Delhi
496,Mr. Mario Stout III,anthony05@example.org,026.086.9822x1053,63,Female,Delhi
497,William Rodriguez,amarshall@example.net,290.477.4258x591,46,Male,Pune
498,Paul Christian,davidrobertson@example.org,116.491.3342,39,Female,Jaipur
499,Elizabeth Page,hbarnett@example.net,001-425-652-9060,55,Male,Surat
500,Veronica Smith,conleyjohn@example.com,097-753-9673x79487,22,Male,Surat
501,Douglas Mack,matthew24@example.com,871.584.1560x8213,40,Female,Kolkata
502,Sandra Martinez,david54@example.com,(818)268-3230x35892,23,Other,Jaipur
503,Kerry Williams,amber82@example.com,(129)328-9634,46,Male,Delhi
504,Wayne Morales,asantana@example.com,524.014.8439x910,37,Other,Pune
505,Brenda Castillo,kathyroman@example.org,(266)933-5134x2619,20,Male,Kolkata
506,Brittany Ramos,kathleen01@example.net,819-737-4189x7215,20,Male,Surat
507,Tiffany Williams,daniel76@example.net,(743)811-9953,29,Female,Chennai
508,Mary Copeland,ofisher@example.org,001-444-856-4510x17397,56,Other,Bangalore
509,Jeffrey Baker,kcastro@example.com,+1-860-919-1911x359,51,Female,Jaipur
510,Stephanie Fisher,chiggins@example.com,+1-779-806-6039x2051,49,Female,Ahmedabad
511,Jason Johnson,qatkinson@example.com,+1-553-470-5742x38856,21,Other,Hyderabad
512,Priscilla Jackson,vgates@example.com,+1-835-411-6597x263,59,Male,Bangalore
513,Michael Bell,whuang@example.org,(501)394-8848,55,Male,Mumbai
514,Jennifer Dominguez,clarencedawson@example.net,(425)856-2614x9915,25,Male,Bangalore
515,Mrs. Amanda Kelley DDS,anthony33@example.org,732.043.0977,39,Other,Mumbai
516,Juan Carroll,hlopez@example.net,(964)546-5535x8512,22,Other,Jaipur
517,Ronald Park,colinlowery@example.net,001-785-193-5837x490,43,Other,Mumbai
518,Jeffrey Garza,bentongeorge@example.net,805.721.5149x409,49,Female,Bangalore
519,Michael Bender DVM,dorothycollins@example.net,+1-453-986-2895x09059,54,Male,Pune
520,William Austin,ucross@example.org,922.071.5116,60,Other,Surat
521,Tiffany Hughes,ejames@example.org,214-526-4712x46335,40,Male,Bangalore
522,Miss Gina Walton,andrew90@example.net,5120800564,28,Male,Hyderabad
523,Taylor Elliott,sosajacob@example.net,283.512.9592x7282,44,Other,Hyderabad
524,Jill Howell,aguirrelarry@example.com,529-821-7392,25,Other,Jaipur
525,Tamara Pace DVM,hbowers@example.net,+1-153-523-7360,19,Female,Bangalore
526,Thomas Morse,abbottchristopher@example.net,899-886-8345x27346,20,Male,Ahmedabad
527,James Henry,jgarcia@example.com,+1-647-408-0314x998,58,Male,Mumbai
528,Erik Williams,williamskevin@example.org,(806)882-8503x172,26,Female,Bangalore
529,Michelle Jones,tylerduncan@example.net,0631403526,42,Other,Pune
530,Jacqueline Monroe,moorecarol@example.net,+1-469-434-6066x64374,26,Female,Surat
531,Lori Foster,sanderson@example.org,112-712-8524,46,Female,Hyderabad
532,Michelle Neal,amanda49@example.com,163-187-3280,48,Other,Chennai
533,Brian Perez,wlopez@example.net,369-572-7908,19,Other,Kolkata
534,Chelsea Clark,bradley02@example.com,257-306-6248x132,49,Other,Delhi
535,Gabriella Griffith,savagechad@example.org,+1-848-228-5011x688,59,Female,Chennai
536,Nathan Ramsey,mitchell21@example.net,060.906.9130,43,Other,Surat
537,Angela Banks,ppineda@example.com,967-379-4577x2785,41,Female,Ahmedabad
538,Dustin Simon,kkidd@example.com,001-064-207-6836x2536,34,Male,Pune
539,Jason Quinn,dfarley@example.com,562-833-3393x95786,52,Female,Hyderabad
540,Eric Long,prodriguez@example.com,960-335-8268x6270,41,Other,Chennai
541,Jasmin Estrada,tonya92@example.net,(932)657-3275x9980,34,Female,Hyderabad
542,Rachel Miller,moramolly@example.com,553-234-1595,34,Female,Delhi
543,Sandra Alvarez,keithgarcia@example.net,(226)189-6288,35,Female,Pune
544,Melissa Campbell,theresabeck@example.org,102.676.7209x579,53,Other,Pune
545,Jillian Smith,kpotts@example.com,151-229-4621x35415,40,Other,Hyderabad
546,Rebecca Smith,xfrey@example.com,848.075.2034,60,Other,Chennai
547,Zachary Morgan,karen71@example.com,+1-029-090-4637,50,Male,Chennai
548,Andrew Powers,zrogers@example.net,(652)548-3744x17158,53,Other,Hyderabad
549,Allison Anderson,sanchezgregory@example.org,(931)100-5912,60,Female,Jaipur
550,Tracie Costa,kristi19@example.org,2312110633,45,Other,Bangalore
551,Bobby Flores,thomasgonzalez@example.com,+1-274-907-2801x234,44,Female,Hyderabad
552,Joshua Kaufman,warnercharles@example.org,326-949-6843x64538,45,Female,Chennai
553,Steve Sutton,karen10@example.org,509.617.0159x5919,51,Female,Hyderabad
554,Ryan Hayes,twood@example.com,833-920-5677x56777,27,Male,Ahmedabad
555,Oscar Cruz,markskristina@example.com,+1-265-062-2923x1067,48,Female,Jaipur
556,George Smith,jmoore@example.com,379.766.2705,48,Male,Jaipur
557,Andrea Morris,jfranklin@example.org,736.704.2549x69192,56,Female,Hyderabad
558,Glenda Brooks,mikewaller@example.org,7563353574,28,Other,Pune
559,Laura Rivera,rachelsheppard@example.net,001-399-337-9705,57,Other,Hyderabad
560,Anna Christensen,christopher77@example.net,001-417-634-2507x3305,60,Other,Chennai
561,Marc Hoffman,sue75@example.net,+1-339-914-0388,37,Male,Pune
562,Richard Henderson,evansjames@example.com,0615727682,56,Other,Kolkata
563,Olivia Rodriguez,stephen39@example.com,292-501-0587x5256,52,Male,Kolkata
564,Lori Lucas,nthompson@example.org,+1-459-908-0271x1221,19,Other,Chennai
565,Teresa Young,teresa51@example.com,176-808-6628x13721,38,Male,Kolkata
566,Sheila Perez,newmanangela@example.org,+1-370-033-2285x5660,64,Male,Surat
567,Donna Johnson,cpierce@example.org,001-033-970-5195,29,Other,Chennai
568,Sandra Sanders,amandaherman@example.net,+1-448-586-2394x535,43,Female,Bangalore
569,Jenna Santos,mjohnson@example.net,+1-863-210-6133x94394,64,Male,Mumbai
570,Anthony Sims,jay04@example.org,253.765.7692,47,Male,Chennai
571,Karen Carlson,chrisrodriguez@example.org,9004047692,29,Other,Hyderabad
572,Jacob Brewer,xharmon@example.org,604-014-2473x107,54,Male,Ahmedabad
573,Brian Hardy,lkane@example.net,+1-440-971-2316,46,Male,Ahmedabad
574,Amanda Jimenez,agutierrez@example.net,1447340433,27,Other,Kolkata
575,Rita Forbes,russomary@example.com,+1-730-451-9577,35,Other,Kolkata
576,Jacqueline Winters,malikfowler@example.com,(965)754-2786,60,Other,Mumbai
577,Jeffrey Guzman,marvinhoward@example.com,820.582.9582x923,33,Other,Mumbai
578,Jennifer Colon,mooneyamy@example.net,904-823-5715,22,Female,Bangalore
579,Rebecca Kelley,zmills@example.org,001-561-372-3081,39,Other,Kolkata
580,Thomas Neal MD,nturner@example.net,+1-130-004-1321x1471,25,Female,Mumbai
581,Hunter Powell,matthew53@example.com,(997)990-7075x50476,61,Male,Mumbai
582,Patricia Henderson,stacy70@example.com,7174811317,37,Female,Mumbai
583,George Munoz,tjohnson@example.net,001-739-610-2908x71827,60,Male,Jaipur
584,Karl Solis,kingdavid@example.net,274.204.9561x2137,24,Female,Hyderabad
585,Mr. Reginald Roman,kelseywilliams@example.org,597.371.1222,39,Male,Delhi
586,Theresa Hart,ycrawford@example.net,(085)816-7046x86111,26,Female,Surat
587,Travis Howard,phunter@example.org,021-923-7858,34,Other,Hyderabad
588,Austin Tyler,brandiwilson@example.org,324.260.5080,32,Female,Surat
589,Maxwell Richards,turnerlisa@example.com,733.777.3126,39,Male,Delhi
590,Lori Trevino,thomasdavid@example.net,(178)192-3653,64,Other,Delhi
591,Jennifer Goodwin,harrellkimberly@example.org,567.932.7986,25,Male,Hyderabad
592,Nicole Moore,tyler16@example.net,6181205464,60,Female,Surat
593,Robert Stark,mary95@example.com,876.989.9927x5175,19,Female,Bangalore
594,Lisa Brown,sarah49@example.net,553.935.4358,43,Female,Bangalore
595,Diana Harper,kaylazamora@example.org,001-435-885-3798x21433,47,Female,Bangalore
596,Madeline Rogers,zbrooks@example.com,001-497-852-4914x168,53,Female,Pune
597,Mrs. Chelsea Villa,jgibson@example.net,896-340-6791x766,29,Other,Kolkata
598,Charles Martinez,williamschad@example.org,+1-842-163-0900,25,Other,Mumbai
599,William Ball,russell33@example.net,+1-948-532-0895x326,51,Female,Ahmedabad
600,Luis Best,duncanchristina@example.com,113.633.7922x3410,32,Other,Hyderabad
601,Eric Riley,ogriffin@example.org,677-269-6084,53,Other,Kolkata
602,Michael Kim,marc78@example.net,(793)521-9626x3355,40,Female,Kolkata
603,David Roberts,nicolasrich@example.org,+1-931-706-9556x07676,23,Female,Pune
604,David Perez,rhonda47@example.org,(398)983-0650,20,Other,Delhi
605,Ann Moon,gilbertangela@example.com,847-242-6423,55,Male,Kolkata
606,Christopher Jones,oliverashley@example.net,(487)623-0391,24,Male,Ahmedabad
607,Brian Roth,amandamaxwell@example.net,001-522-823-0524x80880,60,Female,Kolkata
608,Christopher Harrison,johnlynch@example.com,001-473-721-3290,40,Female,Hyderabad
609,James Smith,frice@example.net,001-688-687-8599x64862,62,Female,Mumbai
610,Kathryn Ballard,charlesvang@example.com,966-645-0573,44,Male,Ahmedabad
611,Cindy Hampton,shannongarza@example.net,(463)203-7476,29,Other,Delhi
612,John Khan,danderson@example.org,(145)057-6619,44,Female,Hyderabad
613,Roberto Arnold,villamisty@example.com,553-482-0128,33,Female,Chennai
614,Alexander Robinson,andrew65@example.net,595.450.8917x768,42,Male,Bangalore
615,Richard Chandler,lutzeric@example.com,742-231-9646x30040,23,Other,Kolkata
616,Cheyenne Hudson,jlloyd@example.com,+1-943-012-0471,48,Female,Pune
617,Thomas Martin,qwilson@example.com,957-498-8558x29849,64,Other,Bangalore
618,Danielle Briggs,vwebb@example.net,760-944-1283x3372,45,Female,Delhi
619,Melissa Wagner,anewton@example.net,413-297-1506x66267,29,Female,Mumbai
620,Felicia Wood,joe76@example.net,663.439.2529,50,Female,Jaipur
621,James Miller,millerjoan@example.org,+1-671-200-7202,25,Other,Ahmedabad
622,Ryan Shelton,elizabeth10@example.org,510-910-9032x6714,43,Male,Mumbai
623,Lisa Fox,dillon79@example.com,(817)934-0652,55,Other,Mumbai
624,Rhonda Howard,kelly66@example.org,533-722-0109x1217,45,Other,Hyderabad
625,Nathan Campbell,gwendolyn93@example.net,661.894.3705x2635,23,Other,Pune
626,Andre Farrell,perry77@example.net,(572)565-9202x4617,33,Male,Hyderabad
627,Felicia Williams,johnmunoz@example.com,260.055.9550,57,Other,Kolkata
628,Raymond Costa,jasoncook@example.net,001-848-689-9936x0798,22,Female,Ahmedabad
629,Zachary Bryant,marvin69@example.net,767-993-5937,21,Female,Kolkata
630,Steven Phelps,elizabethriley@example.com,083-037-3606x014,20,Other,Kolkata
631,Stephanie Case,shawstephanie@example.net,907-938-8413x6852,64,Other,Surat
632,Christina Cohen,murphyjohn@example.com,1242446263,52,Male,Bangalore
633,Heather Hubbard,kyle88@example.net,121-031-4217,61,Other,Pune
634,Jonathan Conley,edixon@example.net,+1-415-152-6384x091,46,Male,Delhi
635,Carla Peterson DDS,timothymiddleton@example.net,(056)618-6323x979,29,Male,Chennai
636,Andrea Kaiser,marypeck@example.com,+1-765-530-0730,32,Other,Jaipur
637,Alicia Beck,deborah60@example.com,121.988.1927x788,51,Male,Chennai
638,Gina Weber,hartmandanielle@example.org,864-010-4246x2456,50,Female,Delhi
639,Dr. Helen Jimenez,richard04@example.com,(128)991-5114,60,Female,Bangalore
640,Emily Martinez,brandimiller@example.org,488-189-8484x160,21,Male,Kolkata
641,Shawn Davis,joseph02@example.org,901-707-5681,56,Male,Pune
642,Kevin Hoffman,christopherjackson@example.net,001-107-322-8360,37,Female,Mumbai
643,Sheri Ray,travisyoung@example.com,963.845.2696,61,Male,Jaipur
644,Donna Wright,mannjonathan@example.net,016.934.2929x1320,29,Other,Hyderabad
645,David Williams,suttondean@example.org,190-310-6153x722,24,Male,Chennai
646,Rachel Melton,tiffany68@example.net,732-365-3377x460,26,Female,Kolkata
647,Jeffrey Moore,goodmanalice@example.org,(142)442-6078x19754,41,Female,Pune
648,Joann Barker,mary64@example.org,372.037.6388x2145,47,Male,Surat
649,Melissa Nelson,julie01@example.net,344-389-9827,57,Male,Delhi
650,April Benjamin,kayla86@example.net,073-214-6449x36999,63,Female,Chennai
651,James Weber,markhodge@example.com,385.736.8011x9236,55,Male,Chennai
652,Christine Gutierrez,garciaveronica@example.net,233.351.0409x614,58,Female,Hyderabad
653,Stacy Orozco,petersonjoel@example.org,498-307-4820,23,Other,Hyderabad
654,Katherine Gay,gclay@example.org,939.406.5578x20190,59,Female,Hyderabad
655,Cheryl Short,joanoconnor@example.org,324.707.3920,45,Other,Kolkata
656,Thomas Harris,mary62@example.net,276-025-0826,32,Male,Mumbai
657,Phillip Lewis,roberthamilton@example.net,(488)899-5729,61,Other,Bangalore
658,Latoya Mckay,yjackson@example.com,549-303-6468x719,60,Other,Ahmedabad
659,Michael Lester,jillianferguson@example.org,+1-769-208-2832,48,Male,Delhi
660,Anthony Garrison,allenandrea@example.com,814.458.2206x73231,38,Male,Pune
661,Lori Jones,rojasmarc@example.org,+1-450-000-0015x29113,27,Other,Surat
662,Dr. Jeffrey Shannon,brian90@example.net,(556)184-4421,25,Other,Ahmedabad
663,Brittany Barnett,hmitchell@example.org,(248)905-6708,56,Male,Pune
664,Alexander Greene,stanleynina@example.com,(515)848-2669x136,39,Male,Ahmedabad
665,Derrick Perez,mike05@example.com,(960)807-0633,31,Male,Jaipur
666,Scott Grant,kristin09@example.net,221.040.1648x18804,25,Female,Bangalore
667,Deanna Vincent,amywells@example.org,363.816.4321x26942,61,Other,Delhi
668,Maria Estrada,rickey20@example.org,(258)631-4417x06462,65,Male,Jaipur
669,Paul Todd,lopezkristina@example.net,+1-558-243-0176x46448,49,Male,Surat
670,Robin Wagner,ingramjessica@example.com,888.245.2790,27,Male,Delhi
671,Gina Roberts,kaiserkelly@example.org,353.849.5163,55,Other,Hyderabad
672,Renee Davis,ufox@example.org,+1-093-391-3732,43,Other,Delhi
673,Frank Perez,ubond@example.org,987-561-7868,38,Female,Hyderabad
674,Kelly Smith,jasonjohnson@example.org,001-156-182-9803,61,Female,Pune
675,Felicia Walsh,sbaker@example.net,609-365-9520,48,Male,Mumbai
676,Larry Stokes,daniel43@example.org,(875)092-6322x3998,40,Male,Surat
677,David Hill,robert14@example.org,001-428-860-5053x766,50,Other,Ahmedabad
678,Richard Williams,wilsondavid@example.org,3083566910,49,Male,Ahmedabad
679,Michael Jones,corythompson@example.org,550-688-2691x776,59,Female,Kolkata
680,Maria Thomas,traceyguerra@example.com,001-013-480-8735x4378,56,Other,Surat
681,Kelsey Russell,jesusbrooks@example.net,015-709-0859,64,Male,Kolkata
682,Amy Roberts,savannahespinoza@example.com,926-999-6996x489,30,Male,Chennai
683,Nichole Lowe,hdavis@example.com,(859)693-2591,35,Female,Mumbai
684,Raymond Clay,stephaniezamora@example.org,(342)669-8069,18,Male,Mumbai
685,Wanda Kennedy,dbowman@example.com,7234838935,26,Other,Pune
686,Lindsey Cox,rachelmeyer@example.net,+1-040-561-2996,65,Other,Hyderabad
687,Joshua Sweeney,richardhines@example.net,+1-264-186-9656x13087,53,Female,Jaipur
688,Annette Rivas,katieaguirre@example.com,001-514-346-8239,57,Male,Hyderabad
689,Emily Hicks,bondmarissa@example.org,300.869.6610x1683,65,Female,Kolkata
690,Michael Olsen,madison00@example.org,(809)414-9150x7628,21,Male,Surat
691,Kevin Ramos,dsims@example.net,(344)077-7946x207,38,Other,Pune
692,Molly Hines,mpowers@example.org,(081)776-0299x140,46,Female,Mumbai
693,Joseph Ferguson,wallerjames@example.com,125.523.5617,33,Other,Mumbai
694,Angela Smith,erikamiller@example.org,6136385277,35,Male,Surat
695,Vanessa Bennett,jefferyjones@example.net,+1-444-902-9502,64,Male,Chennai
696,Elizabeth Williams,reynoldsjustin@example.org,734.167.8127,44,Other,Ahmedabad
697,Kathryn Palmer,charlesflowers@example.net,798-213-4862,61,Female,Chennai
698,Gina Gallegos,bhall@example.org,+1-318-285-6053,58,Male,Jaipur
699,Joanna Rodgers,lfloyd@example.net,001-661-770-6736x8205,63,Other,Bangalore
700,Jamie Thomas,henrysoto@example.com,+1-216-505-8714x69218,33,Female,Jaipur
701,Teresa Jones,marksanders@example.com,001-908-984-3699x84802,50,Male,Mumbai
702,Thomas Rosales,beanheather@example.org,+1-869-484-2495x98811,22,Male,Jaipur
703,Jesse Gardner,wrivers@example.org,001-715-238-6767x382,60,Male,Ahmedabad
704,Luis Hill,stuartbryan@example.net,+1-779-876-8299x68722,29,Male,Mumbai
705,Kenneth Snyder,gibbsamanda@example.net,062.350.4056x69579,38,Male,Hyderabad
706,Michael Jackson,kimberlycooper@example.com,428-679-6325x942,33,Female,Pune
707,Madison Anderson,kristine33@example.net,001-156-241-5285,21,Male,Jaipur
708,Tara Thompson,paul92@example.com,001-335-895-1381,37,Male,Bangalore
709,Jeanne Diaz,ystone@example.net,095-744-3034x91891,18,Male,Hyderabad
710,Ashley Olson,mmartin@example.net,001-593-401-5364x154,52,Other,Jaipur
711,Gabriel Murphy,robinsonglenn@example.net,678.136.7500,28,Female,Hyderabad
712,Deborah Bradford,campbellkayla@example.org,5276981987,29,Male,Jaipur
713,Lisa Conley,xsmith@example.org,888.562.2586,65,Male,Delhi
714,Tyler Shields,csparks@example.net,442.275.8548x596,61,Female,Jaipur
715,Rebecca Stewart,gregory24@example.net,165-020-0024,25,Other,Pune
716,David Holland,charlesyoung@example.net,551-305-5708,32,Female,Mumbai
717,Mark Peters,evelyncampbell@example.com,896.699.7273x67746,33,Other,Surat
718,Aaron Diaz,samantharoberts@example.org,328.123.1239x20491,61,Other,Delhi
719,Oscar Mcclure,robertburns@example.org,001-875-082-7681x722,59,Other,Ahmedabad
720,Karen Flores,anna47@example.org,(290)529-1876x8316,33,Other,Pune
721,Sean Higgins,brewergregory@example.com,+1-337-399-2052x22999,56,Male,Ahmedabad
722,Jason Jackson,oconnorlauren@example.net,001-143-882-3255,65,Other,Surat
723,Dana Lane,lukecase@example.com,(177)732-6430x95449,63,Female,Ahmedabad
724,Patricia Carr,whitesean@example.net,029.271.2053x978,45,Female,Bangalore
725,Michelle Lewis,devon88@example.org,(201)256-0832,20,Male,Mumbai
726,Andrew Juarez,robrien@example.com,889.753.5852x38600,40,Male,Delhi
727,Donald Turner,kbrewer@example.net,171-523-9102x92950,34,Other,Delhi
728,Cristian Ramirez,brianmorrow@example.org,001-671-397-1912,21,Female,Mumbai
729,Mark Dennis,clarkdavid@example.net,001-767-201-9111x661,47,Male,Pune
730,Christopher Martinez,griffinjennifer@example.net,001-873-393-0493x6653,33,Female,Jaipur
731,Mary Gibson,kimberly12@example.com,(114)086-8250,41,Male,Jaipur
732,Erin Taylor,nicholas09@example.org,001-556-103-9952x970,56,Female,Delhi
733,Crystal Chavez,joshuacoleman@example.com,+1-585-642-3041,29,Male,Ahmedabad
734,Paula Johnson,bconrad@example.org,(927)387-4029x907,18,Other,Kolkata
735,Tracey Reynolds,gutierrezdavid@example.com,155.420.3403x01095,23,Male,Surat
736,Jennifer Crawford,yrichardson@example.com,+1-157-955-4623x471,23,Other,Chennai
737,Robert Murray,rodriguezangela@example.org,103.068.3176x41726,59,Female,Kolkata
738,Kimberly Black,seth29@example.org,001-150-713-8067x1307,34,Female,Pune
739,Evelyn Novak,michael84@example.com,362-130-0962x5885,56,Female,Bangalore
740,Michael Carlson,hjohnson@example.net,5339627466,57,Female,Kolkata
741,Chase Gomez,warrenmariah@example.net,000.466.6145x9011,39,Female,Delhi
742,Kevin Estrada,sloanbenjamin@example.net,+1-493-881-9490x5315,56,Male,Ahmedabad
743,Amanda Bishop,mortonkenneth@example.net,698.731.3797x1669,45,Female,Delhi
744,Eileen Jenkins,jmoses@example.org,407.794.3325x6238,33,Female,Ahmedabad
745,Linda Aguilar,forbessean@example.org,426-203-7087,64,Other,Delhi
746,Kimberly Jackson,jenkinsmary@example.net,+1-041-813-5998x98972,62,Other,Jaipur
747,Angela Wallace,simonamanda@example.net,001-480-186-4482,50,Female,Bangalore
748,Bryan Arroyo,alejandra39@example.com,570.820.0480x67571,45,Male,Surat
749,Catherine Lopez,evansrichard@example.net,+1-128-794-2968x82769,40,Female,Delhi
750,Meagan Charles,adamsbrianna@example.org,001-141-961-5607x832,26,Other,Pune
751,Mr. Robert Tran,mathewbennett@example.org,001-796-240-9649x66834,42,Female,Jaipur
752,Jessica Baker,edward70@example.org,+1-516-225-9364,32,Male,Kolkata
753,Beth Shaw,josephross@example.net,390.624.6728x79916,41,Female,Hyderabad
754,Roy Davis,lewismaria@example.net,001-359-236-1337x60523,47,Male,Hyderabad
755,David Hawkins,moraleskimberly@example.net,2544724191,52,Other,Ahmedabad
756,Matthew Marks,joshua96@example.com,771-824-9898,65,Female,Mumbai
757,Kimberly Huber,clinesteven@example.net,(141)746-8135,28,Other,Bangalore
758,Tamara Sims,amy98@example.net,969.874.8694,31,Other,Chennai
759,Sharon Murphy,tiffany01@example.org,+1-292-075-3605x117,60,Female,Delhi
760,Michael Brown,uclark@example.org,(218)945-5906x70009,37,Female,Pune
761,Laura Roman,alyssa94@example.org,4664896676,42,Male,Ahmedabad
762,Richard Baker,wilkinssarah@example.com,(577)580-9745x33890,45,Male,Hyderabad
763,David Casey,lauren62@example.net,(654)016-5995,18,Female,Delhi
764,Anthony Neal,lmartin@example.org,(242)767-7462,22,Female,Pune
765,Lisa Price,millerjuan@example.org,584-886-0080,24,Other,Chennai
766,Kevin Hendrix,jdawson@example.org,129.957.0472,29,Other,Delhi
767,Jennifer Baker MD,ujones@example.org,(038)437-5365,41,Male,Chennai
768,Monica Delacruz,murraymichael@example.net,(548)242-1838,50,Male,Delhi
769,David Robles,brandon64@example.com,+1-547-523-1123x2748,56,Female,Jaipur
770,Nancy Rowland,hayesrachel@example.com,001-334-272-0388x62175,65,Female,Hyderabad
771,Mary Brown,lawsonpaul@example.org,4530693588,44,Female,Ahmedabad
772,Debra English,melanie40@example.org,001-181-677-8481x652,19,Female,Pune
773,David Santiago,jose60@example.net,851.799.3781,38,Female,Jaipur
774,Michael Campos,john91@example.org,+1-788-486-9996,54,Female,Surat
775,Kelsey Frank DVM,torrestricia@example.com,001-271-472-4630,50,Female,Mumbai
776,Shannon Downs,lpage@example.com,(383)972-8339,31,Female,Jaipur
777,Brittany Rodriguez,kjohnson@example.net,288.098.3221,53,Male,Mumbai
778,Bruce Lopez,pamelasmith@example.net,676.610.0898x76108,19,Female,Jaipur
779,Edward Watson,robertssamantha@example.org,+1-453-198-0746,32,Female,Surat
780,Pamela Pierce,jamesparker@example.net,100-307-6205x45967,59,Male,Pune
781,Erin Leach,grahamteresa@example.net,(641)106-5411x3407,64,Male,Delhi
782,Ashlee Mendez,kelsey70@example.net,+1-058-366-8348x268,40,Other,Bangalore
783,Krystal Sullivan,ylawson@example.org,386.888.9178x79150,65,Male,Surat
784,Kevin White,kanthony@example.com,(093)201-2657x8982,25,Other,Bangalore
785,Eric Miller,juareztina@example.net,(217)558-5177x741,48,Male,Pune
786,Brenda Phillips,kristendavis@example.net,+1-824-199-6264x2229,39,Other,Hyderabad
787,Felicia Matthews,tbrown@example.com,001-542-185-4570x5682,35,Male,Mumbai
788,Kenneth Martinez,tyler09@example.org,001-016-356-4072x3247,34,Male,Pune
789,Kathy Calhoun DDS,adam17@example.net,+1-822-473-1261x6850,65,Other,Bangalore
790,Mr. Gregory Hart,davisautumn@example.org,+1-271-152-6105x370,55,Male,Delhi
791,Brandy Williams,bjones@example.net,007-418-9485x43298,52,Female,Bangalore
792,Kevin Berry,mcooper@example.com,716-198-2734x813,26,Other,Bangalore
793,Molly Jones,martin25@example.net,+1-963-217-4357x48352,35,Female,Delhi
794,Antonio Atkins,bwilliams@example.com,983.448.8384,51,Male,Mumbai
795,Emily Perez,richard28@example.org,507-740-6579x55156,23,Other,Delhi
796,Justin Daniel,wheeleramber@example.com,001-510-740-9131x11786,46,Other,Surat
797,William Smith,linda76@example.org,+1-220-695-3541x20122,43,Other,Mumbai
798,Erik Leon,monica00@example.org,(015)153-2594x79507,48,Female,Ahmedabad
799,Tyler Vasquez,ipadilla@example.com,+1-805-950-3100x649,51,Other,Jaipur
800,Eric Griffith,hannahriley@example.org,520-360-8941x184,59,Female,Surat
801,Susan Moses,nicole92@example.net,(535)952-0561x006,48,Female,Surat
802,Laura Lane,sandersroy@example.net,1867740378,57,Female,Surat
803,Michael Moran,eileenhudson@example.com,953-006-7762x5503,56,Male,Kolkata
804,Gregory Smith,ylewis@example.com,262-417-8429x029,28,Male,Delhi
805,Brittany Mccormick,mark11@example.org,001-090-605-3088x6843,49,Male,Delhi
806,Stephen Wilson,olong@example.org,+1-045-759-8875x921,35,Other,Pune
807,Norman Wise,gary03@example.org,(202)755-8214x77092,39,Female,Kolkata
808,Jeremy Davis,meagan38@example.org,(362)192-1581,51,Other,Delhi
809,Susan Sharp,ariana61@example.org,638.558.8195x97721,53,Other,Jaipur
810,Jose Fletcher,sally78@example.net,+1-318-692-8972x845,60,Male,Mumbai
811,Emily Brown,cowandevin@example.net,001-720-028-3948x23220,45,Male,Ahmedabad
812,Donald Freeman,diana28@example.net,165-993-0202,31,Other,Kolkata
813,Daniel Williams,jefferyanderson@example.net,752.135.3028x165,44,Male,Delhi
814,Jennifer Foster,flemingmallory@example.com,001-937-775-6919x832,44,Male,Delhi
815,Melinda Pearson,perrynicole@example.net,001-174-690-2983x1043,28,Other,Ahmedabad
816,Natalie Nicholson,harveyphilip@example.org,001-131-670-8056,41,Female,Ahmedabad
817,Isabella Randall,wstevens@example.org,(362)198-6550x4944,29,Other,Pune
818,Andrew Sanford,rpetty@example.com,+1-339-650-4962x732,24,Female,Surat
819,Janice Hamilton,davistanya@example.com,625.854.2188,37,Other,Pune
820,Tina Ferguson,mavery@example.net,+1-196-234-1996x433,31,Female,Jaipur
821,Renee Clay,stacey25@example.net,5833343031,50,Male,Delhi
822,Ruben Charles,xsullivan@example.net,576-947-5769x453,54,Male,Jaipur
823,David Wood,rritter@example.com,(986)163-4212x5450,62,Other,Surat
824,Susan Armstrong,william52@example.com,+1-255-966-4721x307,59,Other,Surat
825,Desiree Allen,bakerpaul@example.com,4893326145,21,Female,Jaipur
826,Cindy Pacheco,oknight@example.net,001-731-008-1785x22115,28,Other,Mumbai
827,Jillian Hendricks,lucas35@example.net,268-744-7017x320,25,Male,Mumbai
828,Jennifer Peterson,jeffreywallace@example.com,(966)563-3701,49,Male,Pune
829,Antonio Wilcox,lisa78@example.org,5580002722,49,Female,Hyderabad
830,Cody Ford,davidjohnson@example.com,913.681.7203,61,Other,Bangalore
831,James Reed,aprilmyers@example.net,9297352595,25,Female,Hyderabad
832,Shannon Vega,eddiehernandez@example.net,001-739-389-9204x57353,62,Male,Pune
833,Jay Miller,teresa76@example.org,8708269718,25,Male,Delhi
834,Sandra Gonzalez,garciatravis@example.org,(158)388-2176x4846,48,Other,Jaipur
835,Frederick Molina,dustinpetty@example.org,001-222-801-9442x589,39,Female,Surat
836,Robert Ewing,gregorymullen@example.com,6295350637,20,Male,Chennai
837,Dana Wyatt,schmidtjoseph@example.net,413.075.3841x8520,62,Other,Mumbai
838,Andrea Hampton,richardbrown@example.com,+1-639-756-1547x05549,33,Female,Bangalore
839,Christopher Sims,richardsonronnie@example.net,119-556-4091x969,56,Female,Chennai
840,Ms. Joanne Crawford,brianlara@example.org,4262019712,41,Other,Kolkata
841,Ann Parker,ashleywalton@example.com,+1-678-976-0987x312,50,Male,Kolkata
842,Steven Hall,davidpearson@example.net,001-075-988-9786x53394,62,Female,Hyderabad
843,Lance Soto,mmurphy@example.org,952.312.0219x15057,61,Other,Surat
844,Denise Campbell,smarsh@example.com,0026876448,53,Male,Bangalore
845,Jessica Morales,twatkins@example.org,(365)604-5006x35537,48,Female,Hyderabad
846,Kevin Hughes,annette92@example.com,119.529.6353x059,56,Other,Bangalore
847,Adam Richardson,martinevan@example.com,+1-364-315-9489x89596,27,Female,Kolkata
848,Douglas Sandoval,kennethrivera@example.com,344-149-1699x9393,24,Female,Chennai
849,Theresa Green,kmitchell@example.com,(408)822-3095x86297,22,Other,Bangalore
850,Colleen Johnston,cory21@example.org,001-972-021-7075x48534,38,Other,Delhi
851,Rachel Wood,imcbride@example.org,3004496461,58,Other,Chennai
852,Levi Knight,thomasjo@example.com,213-756-5896,49,Female,Bangalore
853,Kevin Burton,jmaynard@example.com,993-145-8434,24,Other,Bangalore
854,Jennifer Walker,walkeramber@example.com,3423622033,63,Male,Pune
855,Edward Baker,dianasmith@example.org,+1-796-868-0085x29469,20,Male,Jaipur
856,Brittany Ballard,lucasteresa@example.com,174-304-3502x3850,43,Male,Surat
857,Robert Lynch,robert52@example.com,001-523-328-2930x20256,56,Female,Kolkata
858,Ashley Harris,halljeffrey@example.com,(771)167-5076x27995,34,Male,Hyderabad
859,Emily Roach,thompsondarlene@example.org,1239847230,64,Other,Chennai
860,Mitchell Sampson,brandonfernandez@example.com,901-722-2405,38,Male,Delhi
861,Robert Bowen,donna87@example.net,001-177-546-1992x40658,38,Female,Hyderabad
862,Shane Alexander,vfuller@example.net,225-909-5668,21,Other,Hyderabad
863,David Hunter,staceywashington@example.net,791.212.1101,18,Female,Surat
864,Tracy Williams,toni86@example.net,+1-017-074-0392x519,43,Other,Kolkata
865,Lisa Benson,carlymoss@example.org,122.276.4338x7220,57,Male,Surat
866,Dylan Thomas,rthompson@example.com,+1-496-330-8334x44704,45,Other,Chennai
867,Kelly Romero,alexander70@example.org,5968519537,41,Other,Jaipur
868,Marcus Mckee MD,ernestrich@example.net,634-277-7522x59206,47,Male,Chennai
869,James Daniels,lisaanderson@example.net,(922)941-1563x029,64,Male,Jaipur
870,Peter Haynes,phall@example.com,+1-262-942-0661x54980,65,Other,Surat
871,Kristen Davis,jenniferwalker@example.net,001-004-983-2112x21215,29,Other,Delhi
872,Kayla Buck,dawsonamanda@example.com,+1-687-640-1918,47,Female,Hyderabad
873,Justin Brown,vanessa20@example.org,(298)778-7358x5664,39,Other,Delhi
874,Jennifer Collins,larsonjennifer@example.org,219-262-2132x0410,44,Female,Jaipur
875,Logan Patel,campbelltodd@example.net,001-117-972-6999,22,Male,Hyderabad
876,Diamond Vazquez,pearsonwillie@example.org,800-366-6020,31,Other,Ahmedabad
877,Gregory Gonzalez,amberlee@example.com,105.052.4383,30,Female,Ahmedabad
878,April Kelly,sarakirby@example.net,(990)076-8627,19,Female,Bangalore
879,Taylor Hodge,meganhaney@example.org,963.376.1851x86267,25,Female,Hyderabad
880,Jeffrey Torres,smithcharles@example.org,+1-823-392-1883x52791,63,Female,Mumbai
881,Erika Pace,sullivanpaula@example.com,(106)592-0881x4319,63,Male,Chennai
882,Lawrence Huber,murraywesley@example.org,(969)838-4572x026,26,Other,Bangalore
883,Michael Short,ngallagher@example.com,001-125-734-9899,59,Male,Chennai
884,Carla Nguyen,emily07@example.net,299-074-7296x6941,24,Other,Surat
885,Laura Sanders,hartangela@example.net,474.859.9464x183,51,Other,Hyderabad
886,Rebecca Boone,jenkinsjohn@example.com,536.988.1649x80445,21,Female,Hyderabad
887,Larry Bates,uliu@example.org,026-270-6648,29,Other,Hyderabad
888,Amy Larsen,josephbass@example.com,130.889.8305x74883,45,Female,Chennai
889,Nancy Green,tranrobert@example.org,2750003056,18,Male,Jaipur
890,Jennifer Vargas,deanna05@example.com,184-937-8467x9087,24,Other,Chennai
891,Susan Valdez,pmartin@example.org,1365103444,36,Female,Bangalore
892,Darlene Guzman,longjoshua@example.com,(865)240-6221x55996,36,Other,Chennai
893,Breanna Randolph,jackwyatt@example.org,+1-053-347-0474x764,27,Other,Mumbai
894,Melinda Nguyen,carolynnguyen@example.org,835.071.2455,28,Other,Chennai
895,Christopher Poole,smithjohn@example.org,+1-211-732-7726x48839,33,Female,Mumbai
896,Frank Leonard,george94@example.org,+1-525-161-8575x91710,62,Other,Chennai
897,Anthony Christian,coxcarol@example.com,744.735.3524x784,46,Female,Kolkata
898,Richard Murray,beverly97@example.org,493-053-7880x331,62,Male,Delhi
899,Jennifer Russo,barkerjohn@example.net,926.087.8828x15278,60,Other,Jaipur
900,Adam Wilcox,rwhite@example.org,217-465-3537x80189,45,Other,Delhi
901,Heather Jennings,kellybooth@example.com,776-296-9143,39,Female,Chennai
902,James Matthews,pamela64@example.com,9999001089,18,Other,Surat
903,Karen Ray,marissasutton@example.com,(118)968-4424,36,Male,Chennai
904,Noah Robertson,christine97@example.net,(728)575-9582x819,49,Female,Hyderabad
905,Charles Alexander,msimon@example.net,+1-124-883-9717x05984,57,Other,Surat
906,Deborah Murphy,tylerlaura@example.org,(728)681-1230x38856,63,Male,Hyderabad
907,Ashley Miller,chelseaodom@example.net,459-009-9217,47,Male,Kolkata
908,Anthony Stewart,lmiddleton@example.org,515.880.7053,37,Other,Bangalore
909,James Reese,martinezjohn@example.net,038-297-4255,37,Female,Delhi
910,Nathaniel Williams,vaughnmark@example.net,810-450-2437,61,Other,Surat
911,Benjamin Cooper,wharris@example.com,(713)589-6933,21,Other,Bangalore
912,Robert Brown,simsamy@example.com,547-315-6639,42,Male,Delhi
913,Mr. Gregory Wiley,jamesjohn@example.net,+1-028-377-2702x896,19,Other,Hyderabad
914,Marie Ortiz MD,kennethboyd@example.com,416-101-9753x584,38,Female,Kolkata
915,Derek Hester,johnsonelizabeth@example.net,2730427636,57,Female,Bangalore
916,Scott Brennan,cynthia47@example.org,939.530.9690x67649,65,Other,Surat
917,Melissa Smith,glenherrera@example.com,+1-874-551-3587x271,29,Male,Bangalore
918,Stephen Smith,jshaffer@example.org,640-343-9881,33,Female,Pune
919,Christine Harrison,suzanne33@example.org,(477)041-3090x9153,63,Female,Pune
920,Mallory Barnes,lopezdavid@example.org,(420)412-3190x577,55,Other,Pune
921,Derrick Ramirez,brownhannah@example.net,001-419-324-5381,56,Male,Bangalore
922,John Jensen,blevinssandra@example.org,001-487-098-7264x96322,54,Female,Hyderabad
923,William Wilkinson,jacobsmith@example.net,+1-326-118-9003x4686,32,Other,Pune
924,James Williams,hernandezreginald@example.net,+1-202-009-5366x2195,23,Other,Chennai
925,Tyler Silva,morganthomas@example.com,0173259007,23,Male,Jaipur
926,Joel Lopez,penageorge@example.org,386-908-7167,30,Other,Mumbai
927,Bryan Brock,leslie46@example.org,192.817.0744x3602,57,Male,Chennai
928,Olivia Carter,isaiahthomas@example.net,(025)239-4120x9447,26,Female,Bangalore
929,Kara White,clarkian@example.net,+1-551-327-6179x4802,36,Male,Pune
930,Gregory Holt,daniel02@example.org,915-891-2686,45,Other,Bangalore
931,Michele Oconnor PhD,jscott@example.com,623.760.0884x47408,50,Other,Hyderabad
932,Jessica Sandoval,daviladaniel@example.org,499.216.4006x9836,35,Female,Hyderabad
933,Monica Anderson,kristenpetty@example.com,+1-486-470-8213,30,Female,Jaipur
934,Kelsey Flores,tlopez@example.org,(123)720-5503,52,Other,Hyderabad
935,April Smith,swright@example.net,001-673-919-0088x991,33,Female,Hyderabad
936,Bryan Yates,rileymelissa@example.org,(923)273-7989x7906,48,Female,Delhi
937,Robert Rogers,bendermichelle@example.net,(746)300-0998x43361,65,Other,Pune
938,Miranda Sanchez,gmiller@example.net,519-854-5829,45,Other,Chennai
939,Ellen Kaufman,cynthiaballard@example.net,1535346607,64,Male,Jaipur
940,Tony Lawson,justin46@example.com,201.082.4028x182,45,Female,Chennai
941,Marissa Palmer,tammy26@example.org,8581745273,29,Female,Hyderabad
942,Heather Maddox,ocollins@example.com,004.129.1828x518,64,Other,Bangalore
943,Jason Jones,kristievillegas@example.com,001-046-100-7923,42,Other,Bangalore
944,Jeffery Johnson,andersonjohn@example.org,101.232.9615x120,53,Female,Kolkata
945,Deborah Patel,alexander66@example.com,446.042.2763,19,Female,Chennai
946,Elizabeth Bryan,rodriguezchristopher@example.org,5734724358,31,Female,Mumbai
947,Angela Kidd,frankstewart@example.org,001-272-670-8666x5622,54,Female,Bangalore
948,Billy House,ahenson@example.net,849.477.1290x350,53,Other,Jaipur
949,William Rodriguez,vincent74@example.org,(354)340-4668,57,Female,Surat
950,Brian Miller,mbridges@example.net,001-525-492-0644x11197,35,Female,Mumbai
951,Kimberly Miller,stevensmith@example.net,(343)594-8821x88496,33,Other,Pune
952,Wendy Sullivan,reedcorey@example.org,2125434123,56,Female,Chennai
953,Bailey Morales,cheryl86@example.org,721.860.0320,38,Male,Kolkata
954,Mrs. Linda Pierce DDS,millerlindsey@example.org,3471317197,56,Male,Ahmedabad
955,Kristen Williams,wilkersonkatherine@example.org,001-590-841-9478x55011,43,Female,Mumbai
956,Jeffrey Walker,jasminjohnson@example.org,+1-878-072-7903,34,Female,Delhi
957,Tony Rodriguez,tranwilliam@example.net,223.996.4771x8375,53,Other,Hyderabad
958,Amanda Johns,yoderadam@example.com,+1-085-578-0024,18,Male,Surat
959,Elaine Lindsey,jasonfoster@example.org,(169)069-6857,55,Female,Chennai
960,Melvin Smith,wfleming@example.org,(913)952-1501x64261,26,Other,Jaipur
961,Timothy Robinson,brandon84@example.org,319-839-2484x8130,47,Male,Chennai
962,Thomas Rodgers,cervantesleslie@example.org,2151675864,36,Other,Surat
963,Robert Hall,jesse81@example.org,5014764278,59,Female,Pune
964,Lauren Coleman,floresjohn@example.com,128-177-5123x95978,51,Female,Pune
965,Jack Moore,farmerlisa@example.com,(360)244-6546,46,Other,Jaipur
966,Julie Johnson,alexanderanthony@example.org,8715647837,57,Other,Chennai
967,Amy Davis,kurt38@example.org,001-274-148-5726x02925,47,Male,Pune
968,Paul Jennings,czavala@example.org,+1-840-766-4207,62,Male,Ahmedabad
969,Jamie Clark,tdougherty@example.org,386-762-5923x86879,62,Other,Mumbai
970,Steven Benson,zachary86@example.net,+1-320-553-4050x89273,45,Other,Mumbai
971,Natalie Krueger,caitlyn76@example.com,001-053-567-0789x77554,23,Female,Surat
972,Samuel Willis,allenkimberly@example.com,(273)627-3202,46,Male,Delhi
973,Mason Olson,juarezmary@example.com,+1-769-171-6204x2985,19,Male,Jaipur
974,Derrick Tran,antoniothompson@example.org,(903)922-0269x80142,34,Other,Ahmedabad
975,Debra Poole,hendersonanthony@example.org,703.163.7050x049,24,Female,Pune
976,Cody Conley,jonramirez@example.net,172.947.6380,48,Female,Pune
977,Tina Johnson,uavila@example.com,2599851939,45,Other,Kolkata
978,Joel Moore,fwhite@example.org,001-163-504-9602,18,Other,Kolkata
979,Michelle Chavez,madison72@example.net,+1-453-974-9950x7088,22,Other,Jaipur
980,Robert Barnes,wchaney@example.com,2080192902,45,Male,Delhi
981,Blake Watson,nicole39@example.org,489-093-2253x332,42,Female,Chennai
982,Christopher Howard,moorenicholas@example.net,501-935-4503x69888,34,Other,Bangalore
983,Richard Hanson,jamesmartin@example.org,(296)208-0598x3124,31,Female,Hyderabad
984,Ann Hobbs,wallacemathew@example.net,(599)920-1237x6317,41,Other,Pune
985,Kevin Ramirez,escobarpatrick@example.net,001-419-375-9192x26713,54,Other,Kolkata
986,Jaime Sharp,sherrywyatt@example.com,528.646.1209x6173,19,Female,Kolkata
987,Kenneth Moore,leslie24@example.org,211.535.5051,19,Other,Kolkata
988,Nathan Taylor,evanselizabeth@example.org,779.724.7925x42218,44,Female,Surat
989,Michelle King,isabella81@example.net,(048)770-6769,32,Female,Kolkata
990,Daniel Young,briannaandersen@example.com,(159)025-7846x408,37,Male,Bangalore
991,Jonathan Mueller,mariaweaver@example.com,001-672-620-8467x292,63,Other,Chennai
992,Thomas Atkins,jillian19@example.com,(822)250-1825,29,Other,Pune
993,Mary Reid,katherinezhang@example.com,(863)942-0122,22,Female,Jaipur
994,Donald Roberts,brookefrench@example.net,001-662-702-6604x509,55,Male,Kolkata
995,Cory Jones,deborah03@example.net,019-335-3892,46,Male,Chennai
996,Edward Ford,herringjeffrey@example.org,001-060-827-7056x461,20,Male,Kolkata
997,Nicole Guerra,wellsryan@example.org,(438)500-9537x2346,21,Other,Hyderabad
998,Ronald Hopkins,emilyharris@example.org,(109)441-6423x16544,52,Female,Ahmedabad
999,Paul Stevens,yharrison@example.net,(760)634-9429x046,45,Other,Bangalore
1000,Kara Garrison,huntscott@example.org,999.324.2024x8374,42,Female,Jaipur
